SERIES,DESCRIPTION
XUDLADD,Spot exchange rate - Australian Dollar into US $
XUDLBK74,Spot exchange rate - South Korean Won into Dollar
XUDLERD,Spot exchange rate - Euro into US $
XUDLGBD,Spot exchange rate - Sterling into US$
XUDLJYD,Spot exchange rate - Japanese Yen into US $
XUDLNDD,Spot exchange rate - New Zealand Dollar into US $
XUDLSFD,Spot exchange rate - Swiss Franc into US $

DATE,XUDLADD,XUDLBK74,XUDLERD,XUDLGBD,XUDLJYD,XUDLNDD,XUDLSFD
02 Jan 2013,0.9526,1063.5,0.7553,0.6141,87.18,1.1998,0.9138
03 Jan 2013,0.9502,1063.38,0.7637,0.6188,86.85,1.2011,0.9234
04 Jan 2013,0.9566,1062.85,0.7666,0.6236,88.05,1.2064,0.9264
07 Jan 2013,0.9541,1062.7,0.7635,0.6218,87.73,1.1982,0.9229
08 Jan 2013,0.9537,1063.35,0.7653,0.6236,87.14,1.1977,0.9251
09 Jan 2013,0.9516,1060.48,0.7667,0.6247,87.85,1.1926,0.9271
10 Jan 2013,0.9461,1058.57,0.7567,0.6208,88.18,1.1871,0.9165
11 Jan 2013,0.9479,1055.3,0.7493,0.6202,89.07,1.192,0.9123
14 Jan 2013,0.9472,1056.45,0.7481,0.6224,89.25,1.1909,0.917
15 Jan 2013,0.9479,1057.57,0.7491,0.6215,88.65,1.1923,0.9277
16 Jan 2013,0.9475,1059.085,0.7521,0.6252,88.49,1.1903,0.9305
17 Jan 2013,0.9497,1057.995,0.7487,0.6262,89.42,1.1903,0.9329
18 Jan 2013,0.9527,1058.545,0.7524,0.6304,89.94,1.1976,0.9354
21 Jan 2013,0.9518,1064,0.751,0.6316,89.8,1.1976,0.9322
22 Jan 2013,0.9473,1063.4,0.7527,0.6302,88.54,1.1895,0.9295
23 Jan 2013,0.9479,1067.29,0.7529,0.6312,88.55,1.1862,0.9286
24 Jan 2013,0.9547,1067.895,0.7478,0.6336,89.99,1.1915,0.9303
25 Jan 2013,0.9579,1075.58,0.7421,0.6326,90.98,1.1922,0.923
28 Jan 2013,0.9608,1091,0.7428,0.6366,90.62,1.2035,0.9271
29 Jan 2013,0.9565,1084.12,0.7419,0.635,90.66,1.1947,0.9221
30 Jan 2013,0.959,1086.15,0.737,0.6333,91.08,1.2025,0.9123
31 Jan 2013,0.9587,1087.23,0.7367,0.6307,91.25,1.1899,0.9104
01 Feb 2013,0.9614,1095.19,0.7302,0.6351,92.62,1.1841,0.9029
04 Feb 2013,0.9598,1089.8,0.7376,0.6354,92.69,1.1822,0.9086
05 Feb 2013,0.9632,1086.19,0.7392,0.6382,93.39,1.1857,0.9092
06 Feb 2013,0.9691,1089.71,0.7387,0.6389,93.54,1.1865,0.9106
07 Feb 2013,0.9696,1090.4,0.7468,0.6368,93.21,1.2012,0.9178
08 Feb 2013,0.9685,1095.9,0.7473,0.6314,92.74,1.1956,0.9173
11 Feb 2013,0.9733,1096,0.7474,0.6385,93.45,1.1973,0.9194
12 Feb 2013,0.97,1093.38,0.7427,0.6386,93.07,1.1886,0.9158
13 Feb 2013,0.967,1086.17,0.7442,0.6433,93.47,1.1895,0.9193
14 Feb 2013,0.9653,1085.54,0.7495,0.644,93.06,1.1792,0.9221
15 Feb 2013,0.9703,1078.62,0.749,0.6441,93.81,1.1827,0.9239
18 Feb 2013,0.9701,1083.71,0.7491,0.646,93.97,1.1826,0.9234
19 Feb 2013,0.9662,1080.1,0.7487,0.6475,93.52,1.1812,0.924
20 Feb 2013,0.9717,1079.92,0.7479,0.6535,93.69,1.1952,0.9237
21 Feb 2013,0.9754,1087.25,0.7564,0.6554,92.88,1.1976,0.9293
22 Feb 2013,0.9703,1085.54,0.7598,0.655,93.22,1.1972,0.9315
25 Feb 2013,0.9728,1086.5,0.7568,0.6619,93.8,1.1937,0.9302
26 Feb 2013,0.9792,1089.95,0.7649,0.6611,91.69,1.212,0.9316
27 Feb 2013,0.9797,1085.47,0.7628,0.6607,91.61,1.2132,0.9299
28 Feb 2013,0.9768,1084.35,0.7648,0.6588,92.27,1.2061,0.9332
01 Mar 2013,0.9796,1084.35,0.7702,0.6663,93.46,1.2127,0.9453
04 Mar 2013,0.9842,1091.27,0.7686,0.6636,93.28,1.2146,0.9416
05 Mar 2013,0.9773,1087.05,0.7677,0.6614,93.35,1.2074,0.9423
06 Mar 2013,0.9746,1084.85,0.7692,0.6643,93.53,1.2026,0.9465
07 Mar 2013,0.9736,1087.74,0.7644,0.6645,94.66,1.2089,0.9445
08 Mar 2013,0.9778,1089.6,0.7703,0.6701,96.18,1.2192,0.9529
11 Mar 2013,0.9743,1094.45,0.7684,0.6713,96.13,1.212,0.9496
12 Mar 2013,0.9693,1095.53,0.768,0.6718,95.99,1.2107,0.9471
13 Mar 2013,0.9716,1098.67,0.7722,0.6701,96.05,1.2137,0.9519
14 Mar 2013,0.963,1107.89,0.7705,0.6644,96.12,1.2182,0.9497
15 Mar 2013,0.9609,1111.02,0.7653,0.6608,95.1,1.2089,0.9388
18 Mar 2013,0.9621,1114.64,0.7717,0.6619,94.9,1.212,0.9449
19 Mar 2013,0.9651,1113.33,0.7759,0.6615,94.85,1.2137,0.9461
20 Mar 2013,0.9626,1116.03,0.7722,0.6609,95.52,1.2161,0.9439
21 Mar 2013,0.9579,1115.66,0.7737,0.6588,95.06,1.2008,0.9455
22 Mar 2013,0.9572,1119.35,0.7695,0.6562,94.49,1.1973,0.9403
25 Mar 2013,0.9568,1111.28,0.7763,0.6586,94.34,1.1982,0.9473
26 Mar 2013,0.9538,1107.56,0.7777,0.6598,94.22,1.1933,0.9485
27 Mar 2013,0.9583,1111.29,0.7824,0.6618,94.38,1.1965,0.9535
28 Mar 2013,0.9591,1113.44,0.7788,0.6587,94.02,1.1937,0.9472
02 Apr 2013,0.9559,1118.17,0.7789,0.661,93.47,1.1874,0.9485
03 Apr 2013,0.9535,1116.3,0.7783,0.6607,92.87,1.1844,0.9453
04 Apr 2013,0.9609,1124.52,0.778,0.6588,96.37,1.1919,0.9462
05 Apr 2013,0.9635,1133.07,0.7679,0.6513,97.16,1.1893,0.9331
08 Apr 2013,0.9623,1140.64,0.7682,0.6544,98.89,1.1829,0.9349
09 Apr 2013,0.9539,1139.64,0.7658,0.6538,99,1.1762,0.9339
10 Apr 2013,0.9489,1135.55,0.7642,0.6525,99.51,1.1678,0.9316
11 Apr 2013,0.9468,1129.05,0.7618,0.6496,99.55,1.1569,0.9293
12 Apr 2013,0.9522,1129.69,0.7635,0.6507,98.73,1.167,0.9291
15 Apr 2013,0.962,1119.55,0.7642,0.6531,97.96,1.1804,0.9298
16 Apr 2013,0.9661,1114.57,0.7616,0.654,97.74,1.1795,0.9265
17 Apr 2013,0.9701,1117.59,0.7668,0.6564,97.6,1.1827,0.9313
18 Apr 2013,0.9697,1119.78,0.7645,0.654,98.22,1.1855,0.9299
19 Apr 2013,0.9705,1119.48,0.7645,0.6554,99.25,1.1853,0.9306
22 Apr 2013,0.9756,1119.6,0.7674,0.6559,99.29,1.1886,0.9361
23 Apr 2013,0.9748,1119.44,0.7684,0.6543,99.35,1.1898,0.9418
24 Apr 2013,0.9748,1117.95,0.7695,0.655,99.38,1.1834,0.9476
25 Apr 2013,0.9696,1111.69,0.7689,0.6477,99.49,1.1732,0.9475
26 Apr 2013,0.9721,1111.46,0.7676,0.6455,97.68,1.1738,0.9416
29 Apr 2013,0.9665,1106.78,0.7633,0.6454,98.16,1.1684,0.9368
30 Apr 2013,0.963,1101.82,0.7584,0.6425,97.41,1.1658,0.9291
01 May 2013,0.9719,1100.75,0.758,0.643,97.35,1.1772,0.9278
02 May 2013,0.9759,1101.25,0.7651,0.6447,98.03,1.1792,0.9339
03 May 2013,0.9702,1097.03,0.7625,0.6423,98.95,1.1716,0.9345
07 May 2013,0.9836,1090.32,0.7642,0.6465,99.08,1.1844,0.941
08 May 2013,0.981,1086.2,0.7591,0.6425,98.82,1.1918,0.9356
09 May 2013,0.9816,1091.67,0.7636,0.6453,99.31,1.1844,0.9408
10 May 2013,0.9999,1106.15,0.7709,0.6513,101.8,1.2083,0.9572
13 May 2013,1.003,1113.27,0.7702,0.6517,101.75,1.2111,0.9574
14 May 2013,1.0083,1110.07,0.7705,0.6554,102.04,1.2152,0.9574
15 May 2013,1.0118,1114.82,0.7775,0.6568,102.44,1.217,0.9675
16 May 2013,1.0146,1117.74,0.7742,0.6533,101.96,1.2194,0.9595
17 May 2013,1.0271,1118.27,0.7799,0.6583,102.98,1.2389,0.9726
20 May 2013,1.021,1118.72,0.7778,0.6569,102.46,1.2268,0.9681
21 May 2013,1.0231,1110.82,0.7768,0.6605,102.54,1.2293,0.971
22 May 2013,1.0333,1114.05,0.7765,0.6647,103.5,1.2379,0.9793
23 May 2013,1.0303,1128.8,0.7751,0.6638,101.43,1.2332,0.9694
24 May 2013,1.0333,1126.6,0.7735,0.6605,101.18,1.2343,0.9608
28 May 2013,1.039,1128.27,0.7778,0.6651,102.35,1.2367,0.9761
29 May 2013,1.0386,1132.85,0.7712,0.6616,100.91,1.2312,0.9611
30 May 2013,1.0319,1128.35,0.766,0.6572,100.93,1.2338,0.9538
31 May 2013,1.0426,1130.84,0.7716,0.6596,100.96,1.2533,0.9595
03 Jun 2013,1.0297,1127.48,0.7675,0.6538,99.57,1.2399,0.9539
04 Jun 2013,1.0369,1122.67,0.7651,0.6539,100.14,1.2513,0.9489
05 Jun 2013,1.0496,1119,0.7642,0.6497,99.29,1.2574,0.9436
06 Jun 2013,1.0493,1119.1,0.7579,0.6442,98.36,1.2547,0.9349
07 Jun 2013,1.0543,1117.62,0.7564,0.6436,97.37,1.2652,0.9351
10 Jun 2013,1.059,1128.08,0.7579,0.6441,99.13,1.266,0.9392
11 Jun 2013,1.0637,1134.21,0.7534,0.6411,96.85,1.2732,0.9274
12 Jun 2013,1.052,1127.99,0.7498,0.6375,95.68,1.2549,0.9203
13 Jun 2013,1.0426,1129.98,0.7519,0.6378,94.22,1.2472,0.9236
14 Jun 2013,1.039,1126.92,0.7496,0.6379,94.59,1.2355,0.9208
17 Jun 2013,1.0446,1127.54,0.7492,0.6364,94.77,1.2472,0.925
18 Jun 2013,1.0564,1134.69,0.7467,0.6407,95.59,1.2531,0.9206
19 Jun 2013,1.0484,1130.7,0.746,0.6386,95,1.243,0.9193
20 Jun 2013,1.089,1146.1,0.759,0.6466,98.08,1.2947,0.9316
21 Jun 2013,1.0861,1154.47,0.7613,0.6498,97.48,1.2932,0.9346
24 Jun 2013,1.0787,1162.19,0.7638,0.6494,97.56,1.2898,0.9345
25 Jun 2013,1.0818,1153.48,0.7649,0.6492,97.75,1.294,0.9398
26 Jun 2013,1.0734,1156.4,0.7691,0.6519,97.43,1.2765,0.9424
27 Jun 2013,1.0777,1148.14,0.7691,0.6577,98.52,1.2844,0.9488
28 Jun 2013,1.0927,1142.4,0.7693,0.6593,99.34,1.2948,0.9461
01 Jul 2013,1.0848,1135.62,0.7671,0.6568,99.73,1.2809,0.9469
02 Jul 2013,1.0913,1135,0.7673,0.6592,100.4,1.2897,0.9478
03 Jul 2013,1.1025,1142,0.771,0.6554,99.71,1.2882,0.9484
04 Jul 2013,1.0898,1139.84,0.7744,0.6637,100.01,1.2729,0.9563
05 Jul 2013,1.103,1142.35,0.7791,0.6719,100.91,1.299,0.9616
08 Jul 2013,1.0957,1148.39,0.7773,0.6694,101.09,1.2804,0.9645
09 Jul 2013,1.0927,1142.46,0.7821,0.6743,101.07,1.2744,0.9733
10 Jul 2013,1.0898,1135.73,0.7777,0.6691,100.07,1.2794,0.9674
11 Jul 2013,1.0934,1124.91,0.7669,0.6616,98.74,1.2789,0.951
12 Jul 2013,1.1038,1124.3,0.7661,0.6615,99.42,1.2822,0.9479
15 Jul 2013,1.1,1121.84,0.7665,0.6621,99.88,1.2799,0.9505
16 Jul 2013,1.0832,1117.94,0.7612,0.6612,99.29,1.2697,0.9417
17 Jul 2013,1.085,1117.31,0.7638,0.6591,99.75,1.266,0.944
18 Jul 2013,1.0918,1124.77,0.7639,0.6579,100.62,1.2676,0.9463
19 Jul 2013,1.087,1120.88,0.7612,0.6553,100.4,1.2585,0.9408
22 Jul 2013,1.0813,1118.91,0.7579,0.6506,99.44,1.256,0.9352
23 Jul 2013,1.0812,1117.31,0.7565,0.6507,99.76,1.2552,0.9363
24 Jul 2013,1.0862,1115.97,0.7555,0.6512,100.17,1.2553,0.9349
25 Jul 2013,1.088,1116.87,0.7556,0.653,99.62,1.2419,0.9338
26 Jul 2013,1.083,1113,0.7539,0.6507,98.14,1.2402,0.9292
29 Jul 2013,1.0864,1112.92,0.7545,0.6516,97.97,1.2463,0.9313
30 Jul 2013,1.1031,1116.24,0.7547,0.6554,98.06,1.253,0.9308
31 Jul 2013,1.1142,1123.11,0.7531,0.6595,98.36,1.2563,0.9293
01 Aug 2013,1.1202,1123.94,0.7556,0.6596,99.23,1.2716,0.9338
02 Aug 2013,1.1222,1124.3,0.7528,0.6547,98.76,1.276,0.928
05 Aug 2013,1.1228,1114.08,0.7553,0.6523,98.59,1.2835,0.9315
06 Aug 2013,1.1137,1114.05,0.7514,0.65,97.62,1.2663,0.9248
07 Aug 2013,1.1125,1117.5,0.7508,0.6444,96.59,1.2544,0.9231
08 Aug 2013,1.0966,1112.7,0.7471,0.6429,95.89,1.2441,0.9194
09 Aug 2013,1.0867,1111.5,0.749,0.644,96.27,1.2436,0.9216
12 Aug 2013,1.0898,1114.51,0.7522,0.646,96.57,1.2441,0.9272
13 Aug 2013,1.1,1118.27,0.7555,0.6468,98.19,1.2594,0.9342
14 Aug 2013,1.0931,1118.63,0.7539,0.6436,98.06,1.2441,0.9341
15 Aug 2013,1.1008,1118.5,0.7547,0.6428,97.83,1.2455,0.9347
16 Aug 2013,1.0868,1113.49,0.7501,0.6405,97.57,1.2335,0.9259
19 Aug 2013,1.093,1117.88,0.749,0.6382,97.97,1.2372,0.925
20 Aug 2013,1.1012,1120.75,0.7448,0.6378,97.13,1.2541,0.9177
21 Aug 2013,1.1086,1117.81,0.7476,0.6374,97.67,1.2698,0.9204
22 Aug 2013,1.1083,1121.37,0.7493,0.6421,98.61,1.2757,0.9246
23 Aug 2013,1.1074,1116.18,0.7462,0.6413,98.49,1.2821,0.9194
27 Aug 2013,1.1154,1117.71,0.7466,0.6435,97.19,1.284,0.9179
28 Aug 2013,1.1181,1116.6,0.7497,0.6436,97.68,1.2812,0.9213
29 Aug 2013,1.1204,1112.79,0.7561,0.6454,98.44,1.289,0.9317
30 Aug 2013,1.1226,1110.02,0.7584,0.6464,98.13,1.2932,0.9325
02 Sep 2013,1.1135,1100.05,0.7581,0.6425,99.36,1.2796,0.9342
03 Sep 2013,1.1036,1098.7,0.76,0.6439,99.8,1.2816,0.9379
04 Sep 2013,1.0896,1094.37,0.7577,0.6398,99.54,1.2641,0.9363
05 Sep 2013,1.0957,1097.75,0.7622,0.6414,100.04,1.2673,0.9447
06 Sep 2013,1.0875,1092.5,0.7601,0.6398,98.92,1.252,0.9386
09 Sep 2013,1.0848,1087,0.7545,0.6361,99.58,1.2483,0.9322
10 Sep 2013,1.075,1086.03,0.7539,0.6361,100.43,1.2407,0.9349
11 Sep 2013,1.0734,1086.21,0.7518,0.6324,99.98,1.2389,0.9309
12 Sep 2013,1.0783,1083.45,0.7514,0.6319,99.11,1.2285,0.9284
13 Sep 2013,1.0819,1086.6,0.7541,0.6303,99.34,1.2293,0.9331
16 Sep 2013,1.0704,1081.79,0.7489,0.6275,98.78,1.222,0.9254
17 Sep 2013,1.0688,1082.6,0.7492,0.6289,99.34,1.214,0.9279
18 Sep 2013,1.0694,1081.85,0.7492,0.6262,98.93,1.2171,0.9255
19 Sep 2013,1.0567,1071.48,0.7385,0.6225,99.48,1.193,0.9103
20 Sep 2013,1.0654,1076.47,0.7402,0.625,99.61,1.1959,0.9115
23 Sep 2013,1.0589,1074.54,0.7412,0.6238,98.69,1.1947,0.9111
24 Sep 2013,1.0644,1074.96,0.7412,0.6256,98.67,1.2077,0.911
25 Sep 2013,1.0673,1076.87,0.7403,0.6223,98.69,1.2121,0.911
26 Sep 2013,1.0684,1075.65,0.7418,0.6248,98.96,1.2076,0.911
27 Sep 2013,1.0733,1074.83,0.7386,0.6203,98.25,1.2104,0.9045
30 Sep 2013,1.0694,1073.78,0.7388,0.6175,98.12,1.2006,0.9042
01 Oct 2013,1.0656,1073.35,0.7394,0.6171,98.1,1.2114,0.9062
02 Oct 2013,1.0675,1074.47,0.7358,0.6162,97.27,1.2107,0.9015
03 Oct 2013,1.0655,1074.47,0.734,0.6184,97.3,1.2058,0.9
04 Oct 2013,1.0588,1072.66,0.7355,0.6222,97.13,1.1995,0.9032
07 Oct 2013,1.061,1071.96,0.7369,0.6219,97.04,1.2029,0.9048
08 Oct 2013,1.0574,1074.01,0.7355,0.6208,96.95,1.2021,0.9032
09 Oct 2013,1.059,1075.68,0.7399,0.6277,97.19,1.2037,0.9099
10 Oct 2013,1.0574,1071.7,0.7396,0.6268,98.08,1.2058,0.911
11 Oct 2013,1.0567,1072,0.7373,0.6271,98.3,1.2022,0.91
14 Oct 2013,1.055,1071.95,0.7361,0.6244,98.12,1.1966,0.9072
15 Oct 2013,1.0495,1064.78,0.7406,0.6263,98.59,1.1936,0.9149
16 Oct 2013,1.0493,1066.15,0.7412,0.6277,98.87,1.1879,0.916
17 Oct 2013,1.0381,1062.83,0.7319,0.6193,97.77,1.1756,0.903
18 Oct 2013,1.0348,1060.83,0.7301,0.6177,97.76,1.1769,0.9017
21 Oct 2013,1.0339,1061.55,0.7313,0.6189,98.14,1.1812,0.9018
22 Oct 2013,1.0297,1058.05,0.7261,0.6168,98.14,1.1733,0.8953
23 Oct 2013,1.0386,1057.88,0.7255,0.6185,97.29,1.1918,0.8917
24 Oct 2013,1.0425,1061.66,0.7245,0.6185,97.37,1.1986,0.8918
25 Oct 2013,1.0432,1062.7,0.725,0.6185,97.34,1.2057,0.894
28 Oct 2013,1.045,1061.15,0.7254,0.6199,97.71,1.2071,0.8955
29 Oct 2013,1.053,1062.37,0.7262,0.6227,98.09,1.2099,0.8982
30 Oct 2013,1.0539,1058.85,0.7262,0.622,98.15,1.2127,0.8964
31 Oct 2013,1.0559,1061.28,0.7356,0.6224,98.11,1.2082,0.9057
01 Nov 2013,1.0597,1061.36,0.7415,0.6281,98.77,1.2151,0.9125
04 Nov 2013,1.0529,1062.63,0.7401,0.6269,98.59,1.2083,0.9109
05 Nov 2013,1.0531,1061.48,0.7421,0.6233,98.54,1.2035,0.912
06 Nov 2013,1.05,1060.22,0.7393,0.6219,98.65,1.1918,0.911
07 Nov 2013,1.0581,1063.23,0.7472,0.6232,99.04,1.2002,0.9187
08 Nov 2013,1.0669,1062.57,0.7491,0.6252,99.08,1.2117,0.9223
11 Nov 2013,1.068,1072.48,0.7458,0.6261,99.24,1.2139,0.9193
12 Nov 2013,1.0733,1072.87,0.7442,0.6279,99.55,1.2139,0.9164
13 Nov 2013,1.0755,1071.01,0.7461,0.6255,99.41,1.2133,0.9192
14 Nov 2013,1.0725,1069.1,0.743,0.6214,99.94,1.2076,0.9156
15 Nov 2013,1.0681,1062.8,0.7422,0.6214,100.29,1.2025,0.9159
18 Nov 2013,1.0642,1055.29,0.7394,0.6206,100.03,1.1966,0.912
19 Nov 2013,1.0618,1055.31,0.7393,0.621,100.2,1.198,0.9119
20 Nov 2013,1.0641,1056.65,0.7427,0.6183,99.92,1.2012,0.9146
21 Nov 2013,1.0807,1062.6,0.7428,0.6192,101.04,1.217,0.9153
22 Nov 2013,1.0915,1061.44,0.7396,0.6178,101.25,1.2259,0.9097
25 Nov 2013,1.0923,1060.12,0.7405,0.619,101.7,1.2197,0.912
26 Nov 2013,1.0958,1060.52,0.7374,0.618,101.4,1.2206,0.9079
27 Nov 2013,1.1006,1061.05,0.7368,0.6144,102.11,1.2296,0.9083
28 Nov 2013,1.0997,1061.4,0.7353,0.6117,102.22,1.2308,0.9063
29 Nov 2013,1.0945,1058.21,0.7344,0.6104,102.36,1.2249,0.9037
02 Dec 2013,1.0975,1058.31,0.7377,0.6109,102.97,1.2207,0.9073
03 Dec 2013,1.0947,1060.28,0.7359,0.6092,102.45,1.2121,0.9048
04 Dec 2013,1.1091,1061.57,0.7377,0.6118,102.66,1.2219,0.9057
05 Dec 2013,1.1067,1059.33,0.7322,0.6127,102.06,1.2234,0.8982
06 Dec 2013,1.099,1056.97,0.7308,0.6115,102.7,1.2095,0.8947
09 Dec 2013,1.1,1053.05,0.7289,0.6102,103.11,1.2086,0.8918
10 Dec 2013,1.094,1052.2,0.7262,0.6088,102.88,1.2032,0.8874
11 Dec 2013,1.1034,1052.16,0.7251,0.6109,102.46,1.2167,0.8857
12 Dec 2013,1.1194,1051.5,0.7271,0.6126,103.01,1.2129,0.8896
13 Dec 2013,1.1167,1053.35,0.7283,0.6144,103.14,1.2107,0.8908
16 Dec 2013,1.1159,1053.05,0.7271,0.6135,103.01,1.2109,0.8876
17 Dec 2013,1.1249,1050.9,0.7283,0.6157,102.71,1.2126,0.8883
18 Dec 2013,1.1259,1051.25,0.7266,0.6101,103.21,1.2151,0.887
19 Dec 2013,1.1296,1059.73,0.7316,0.6111,104.23,1.2244,0.8968
20 Dec 2013,1.1218,1061.8,0.7315,0.6114,104.09,1.2185,0.8959
23 Dec 2013,1.1186,1060.9,0.7296,0.6114,104,1.2182,0.8931
24 Dec 2013,1.1206,1059.3,0.731,0.6112,104.29,1.2226,0.8951
27 Dec 2013,1.1246,1054.67,0.7259,0.6063,104.97,1.2212,0.888
30 Dec 2013,1.1221,1054.97,0.724,0.6051,105.03,1.2197,0.8864
31 Dec 2013,1.1183,1055.725,0.7263,0.605,104.96,1.2167,0.8911
02 Jan 2014,1.1199,1050.55,0.7322,0.6084,105.03,1.2171,0.9009
03 Jan 2014,1.1133,1055.35,0.7346,0.6081,104.47,1.2048,0.9042
06 Jan 2014,1.1158,1065.46,0.733,0.6093,104.53,1.2066,0.9037
07 Jan 2014,1.1216,1068.9,0.735,0.6098,104.66,1.2079,0.9093
08 Jan 2014,1.1198,1065.7,0.7353,0.6072,104.83,1.206,0.909
09 Jan 2014,1.1254,1063.34,0.7361,0.6074,104.79,1.212,0.9092
10 Jan 2014,1.1151,1061.77,0.7314,0.6066,104.15,1.206,0.9024
13 Jan 2014,1.1044,1057.15,0.7324,0.6104,103.36,1.1957,0.9026
14 Jan 2014,1.1115,1059.68,0.7306,0.6075,103.6,1.1878,0.9008
15 Jan 2014,1.1206,1063.4,0.7355,0.6116,104.47,1.1977,0.9094
16 Jan 2014,1.1355,1064.2,0.7353,0.6118,104.24,1.2009,0.9066
17 Jan 2014,1.1382,1061.03,0.7376,0.6081,104.27,1.2108,0.9093
20 Jan 2014,1.1362,1063.77,0.7373,0.609,104.05,1.2102,0.9094
21 Jan 2014,1.1358,1065.3,0.7384,0.6074,104.29,1.2024,0.9114
22 Jan 2014,1.1287,1067.55,0.7372,0.6031,104.25,1.2029,0.9101
23 Jan 2014,1.1386,1073.55,0.7309,0.6013,103.66,1.1998,0.8999
24 Jan 2014,1.1467,1080.35,0.7307,0.606,102.36,1.2117,0.8943
27 Jan 2014,1.1431,1083.8,0.7314,0.6034,102.44,1.2115,0.8964
28 Jan 2014,1.1399,1079.59,0.7319,0.603,102.79,1.2105,0.8988
29 Jan 2014,1.1426,1070.05,0.7329,0.6042,102.25,1.2102,0.8958
30 Jan 2014,1.1416,1081.06,0.7373,0.6061,102.72,1.2279,0.9027
31 Jan 2014,1.1461,1081.31,0.7416,0.6085,101.99,1.2367,0.9057
03 Feb 2014,1.1349,1084.82,0.7398,0.6123,101.25,1.2299,0.9027
04 Feb 2014,1.1241,1083.8,0.7402,0.6136,101.4,1.2246,0.9043
05 Feb 2014,1.1213,1078.05,0.739,0.6133,101.19,1.2183,0.9033
06 Feb 2014,1.1159,1079.05,0.7353,0.6126,101.86,1.2086,0.8993
07 Feb 2014,1.1169,1074.78,0.7343,0.61,102.22,1.2076,0.8982
10 Feb 2014,1.1183,1072.28,0.7327,0.6098,102.02,1.2086,0.8967
11 Feb 2014,1.1071,1070.9,0.7312,0.6066,102.38,1.2022,0.8946
12 Feb 2014,1.1069,1062.59,0.7359,0.603,102.54,1.2019,0.9013
13 Feb 2014,1.1132,1066.3,0.7318,0.6011,102.16,1.1967,0.8944
14 Feb 2014,1.1088,1063.15,0.7307,0.5976,101.87,1.1969,0.8932
17 Feb 2014,1.1079,1060.45,0.7299,0.5984,101.9,1.1966,0.8918
18 Feb 2014,1.1072,1065.99,0.7273,0.5989,102.36,1.2041,0.8884
19 Feb 2014,1.1071,1065.7,0.7271,0.5983,102.21,1.2024,0.8879
20 Feb 2014,1.1135,1072.2,0.7293,0.6003,102.31,1.2055,0.8901
21 Feb 2014,1.1158,1072.4,0.7275,0.5993,102.67,1.2083,0.8881
24 Feb 2014,1.1089,1074.45,0.7285,0.6013,102.45,1.2037,0.8898
25 Feb 2014,1.1078,1073.23,0.7281,0.5994,102.17,1.2,0.8881
26 Feb 2014,1.1158,1065.97,0.7317,0.6009,102.28,1.2047,0.8919
27 Feb 2014,1.1168,1069.8,0.7309,0.5998,102.09,1.1937,0.8894
28 Feb 2014,1.1174,1066.46,0.7241,0.5967,102.06,1.1902,0.8808
03 Mar 2014,1.1194,1070.15,0.726,0.5982,101.43,1.194,0.8805
04 Mar 2014,1.1177,1071.45,0.7277,0.5998,102.13,1.1919,0.8865
05 Mar 2014,1.1135,1071.3,0.7279,0.5977,102.33,1.1871,0.8868
06 Mar 2014,1.1019,1064.55,0.7225,0.5982,103.08,1.1794,0.8818
07 Mar 2014,1.1016,1065.15,0.7213,0.598,103.32,1.183,0.8791
10 Mar 2014,1.1085,1066.95,0.7205,0.6012,103.23,1.1815,0.8782
11 Mar 2014,1.1086,1065.58,0.7211,0.6014,103.19,1.1781,0.8784
12 Mar 2014,1.1146,1070.65,0.7192,0.6022,102.74,1.1781,0.8746
13 Mar 2014,1.104,1068.6,0.718,0.5996,102.12,1.1671,0.8727
14 Mar 2014,1.1062,1071.73,0.7182,0.6014,101.46,1.1697,0.8712
17 Mar 2014,1.0999,1067.55,0.718,0.6008,101.63,1.1662,0.8727
18 Mar 2014,1.0948,1069.88,0.7188,0.6034,101.36,1.1586,0.8743
19 Mar 2014,1.0985,1070.93,0.719,0.6014,101.55,1.16,0.8748
20 Mar 2014,1.1061,1077.23,0.7255,0.6057,102.4,1.1712,0.8834
21 Mar 2014,1.1,1080,0.7256,0.6063,102.37,1.1699,0.8838
24 Mar 2014,1.0961,1077.8,0.7255,0.6065,102.23,1.1708,0.8842
25 Mar 2014,1.0933,1078.92,0.7258,0.6058,102.32,1.1688,0.8863
26 Mar 2014,1.0839,1075.22,0.7254,0.6037,102.31,1.162,0.8855
27 Mar 2014,1.0803,1071.9,0.7279,0.602,102.13,1.153,0.8866
28 Mar 2014,1.0823,1069.1,0.7272,0.6011,102.93,1.1555,0.887
31 Mar 2014,1.0789,1064.9,0.7255,0.5998,102.98,1.1523,0.8832
01 Apr 2014,1.0815,1058.75,0.725,0.6011,103.57,1.1545,0.8835
02 Apr 2014,1.082,1057.65,0.7263,0.6011,103.72,1.1685,0.8861
03 Apr 2014,1.0832,1058.25,0.7291,0.6029,103.89,1.1707,0.8916
04 Apr 2014,1.0757,1054.3,0.7302,0.6028,103.58,1.164,0.8935
07 Apr 2014,1.0786,1055.57,0.7277,0.602,103.13,1.1614,0.8881
08 Apr 2014,1.0712,1052.35,0.725,0.5971,102.11,1.1559,0.8843
09 Apr 2014,1.0691,1041.5,0.7234,0.5971,101.85,1.1557,0.8807
10 Apr 2014,1.0619,1040.15,0.7204,0.5961,101.52,1.1488,0.8772
11 Apr 2014,1.0634,1035.65,0.7201,0.5981,101.63,1.1513,0.8759
14 Apr 2014,1.0622,1039.69,0.7238,0.5976,101.85,1.1535,0.879
15 Apr 2014,1.0688,1041.47,0.7234,0.5977,101.65,1.1563,0.8793
16 Apr 2014,1.0673,1038.35,0.7243,0.5956,102.27,1.1631,0.8815
17 Apr 2014,1.0705,1038.8,0.7228,0.595,102.26,1.1644,0.8809
22 Apr 2014,1.0678,1037.9,0.7248,0.5944,102.6,1.1627,0.8857
23 Apr 2014,1.0765,1039.6,0.7232,0.596,102.38,1.1651,0.8821
24 Apr 2014,1.079,1039.75,0.7236,0.5952,102.24,1.1671,0.8824
25 Apr 2014,1.0775,1041.2,0.7227,0.5948,102.03,1.1648,0.8811
28 Apr 2014,1.0796,1035.15,0.7223,0.595,102.59,1.1712,0.8806
29 Apr 2014,1.079,1030.28,0.7237,0.5937,102.55,1.1707,0.8836
30 Apr 2014,1.0793,1033.1,0.7213,0.5922,102.15,1.1639,0.8805
01 May 2014,1.0785,1033.5,0.7212,0.5919,102.27,1.16,0.8795
02 May 2014,1.0794,1030.2,0.7213,0.5927,102.26,1.1559,0.8794
06 May 2014,1.0691,1030.125,0.7177,0.5885,101.55,1.1417,0.8734
07 May 2014,1.0715,1022.55,0.7182,0.5894,101.7,1.153,0.8753
08 May 2014,1.067,1022.7,0.7213,0.5899,101.6,1.1571,0.8781
09 May 2014,1.0696,1024.2,0.727,0.5938,101.71,1.162,0.8861
12 May 2014,1.0685,1024.58,0.727,0.5927,102.11,1.1614,0.8879
13 May 2014,1.0681,1022.25,0.7296,0.5939,102.23,1.1573,0.8897
14 May 2014,1.067,1027.9,0.7294,0.5961,101.8,1.1554,0.8899
15 May 2014,1.0695,1025.05,0.7291,0.5954,101.57,1.1575,0.8899
16 May 2014,1.0679,1024.32,0.7297,0.5942,101.46,1.1581,0.8914
19 May 2014,1.0695,1021.93,0.729,0.5943,101.17,1.1574,0.8917
20 May 2014,1.079,1025.25,0.7301,0.5936,101.35,1.1656,0.892
21 May 2014,1.085,1027.1,0.7319,0.5925,101.49,1.169,0.8946
22 May 2014,1.083,1024.65,0.7323,0.5932,101.67,1.1667,0.8943
23 May 2014,1.0819,1024.85,0.7336,0.5938,101.82,1.1689,0.8958
27 May 2014,1.0814,1023.35,0.7345,0.5951,102.07,1.1716,0.8978
28 May 2014,1.0847,1021.5,0.7356,0.5986,101.76,1.1791,0.8981
29 May 2014,1.0765,1020.9,0.7345,0.5982,101.54,1.1802,0.8964
30 May 2014,1.0743,1020.7,0.7328,0.5962,101.73,1.1776,0.8939
02 Jun 2014,1.0805,1024.07,0.735,0.5968,102.17,1.1802,0.8975
03 Jun 2014,1.0807,1023.15,0.7342,0.5974,102.43,1.1858,0.8968
04 Jun 2014,1.0787,1023.5,0.7341,0.5969,102.64,1.1871,0.8956
05 Jun 2014,1.0743,1019.95,0.7345,0.5955,102.46,1.1818,0.8951
06 Jun 2014,1.0716,1019.95,0.7331,0.5956,102.56,1.1763,0.8937
09 Jun 2014,1.0705,1016,0.7357,0.5955,102.56,1.1781,0.8975
10 Jun 2014,1.0681,1017.2,0.7383,0.5966,102.41,1.1751,0.8996
11 Jun 2014,1.065,1015.8,0.7389,0.5957,101.91,1.1697,0.8994
12 Jun 2014,1.061,1017.7,0.738,0.5938,101.81,1.1518,0.8985
13 Jun 2014,1.0645,1018.05,0.7392,0.5896,102.08,1.1555,0.9003
16 Jun 2014,1.0642,1019.95,0.7368,0.5887,101.89,1.1523,0.8973
17 Jun 2014,1.071,1022.7,0.7383,0.5893,102.17,1.1557,0.8998
18 Jun 2014,1.0708,1022.25,0.7368,0.5904,102.14,1.1533,0.8974
19 Jun 2014,1.0629,1018.77,0.7336,0.5863,101.81,1.1467,0.8917
20 Jun 2014,1.0659,1021.21,0.7366,0.5876,102.15,1.1513,0.8967
23 Jun 2014,1.0612,1018.5,0.7357,0.588,101.89,1.1476,0.8951
24 Jun 2014,1.0661,1018.45,0.7355,0.5892,102.14,1.1515,0.8953
25 Jun 2014,1.0651,1019.95,0.7335,0.5889,101.81,1.146,0.8921
26 Jun 2014,1.0638,1016.2,0.7359,0.588,101.55,1.1419,0.8946
27 Jun 2014,1.0618,1013.6,0.7331,0.5877,101.37,1.1403,0.8909
30 Jun 2014,1.0594,1012,0.7304,0.5849,101.3,1.1422,0.8867
01 Jul 2014,1.0546,1011.3,0.731,0.5835,101.53,1.1404,0.8871
02 Jul 2014,1.0597,1009.2,0.7324,0.5824,101.76,1.1412,0.889
03 Jul 2014,1.068,1009.25,0.7348,0.5833,102.19,1.1414,0.8933
04 Jul 2014,1.0684,1009.2,0.7359,0.5832,102.07,1.144,0.8947
07 Jul 2014,1.0669,1011.5,0.7355,0.5838,101.85,1.1416,0.894
08 Jul 2014,1.0637,1012.1,0.7345,0.5841,101.55,1.1382,0.8925
09 Jul 2014,1.0633,1012.75,0.7331,0.5835,101.69,1.1355,0.8911
10 Jul 2014,1.0655,1013.35,0.7352,0.5844,101.29,1.1347,0.8928
11 Jul 2014,1.066,1019.55,0.7353,0.5847,101.3,1.1361,0.8928
14 Jul 2014,1.0645,1019.35,0.7338,0.5852,101.57,1.1357,0.8914
15 Jul 2014,1.0677,1027,0.737,0.5833,101.7,1.1412,0.8954
16 Jul 2014,1.068,1032.15,0.7388,0.5834,101.67,1.1465,0.898
17 Jul 2014,1.0669,1029.2,0.7398,0.585,101.55,1.1515,0.8987
18 Jul 2014,1.066,1029.5,0.7402,0.5859,101.39,1.153,0.8995
21 Jul 2014,1.0669,1027.05,0.7396,0.586,101.33,1.1506,0.8984
22 Jul 2014,1.0648,1024.6,0.7425,0.5862,101.5,1.1545,0.9023
23 Jul 2014,1.0591,1024.15,0.7427,0.5868,101.52,1.1525,0.9022
24 Jul 2014,1.0612,1029.45,0.7424,0.5891,101.77,1.1647,0.9022
25 Jul 2014,1.0625,1025.9,0.7445,0.5891,101.82,1.169,0.9046
28 Jul 2014,1.0632,1026.5,0.744,0.5882,101.78,1.1695,0.9039
29 Jul 2014,1.0654,1025.05,0.7457,0.5901,102.14,1.175,0.9068
30 Jul 2014,1.0724,1024.95,0.7475,0.5916,102.8,1.1799,0.9098
31 Jul 2014,1.0756,1028,0.7474,0.5923,102.83,1.1781,0.9093
01 Aug 2014,1.073,1037.25,0.7446,0.5939,102.47,1.1734,0.9052
04 Aug 2014,1.0719,1033.35,0.7452,0.5938,102.45,1.1733,0.9065
05 Aug 2014,1.0738,1028.2,0.748,0.5927,102.84,1.1795,0.91
06 Aug 2014,1.0724,1034,0.7487,0.5941,102.37,1.183,0.9094
07 Aug 2014,1.0779,1037,0.749,0.5937,102.18,1.1797,0.9094
08 Aug 2014,1.0784,1036.55,0.7455,0.5953,101.84,1.1795,0.9048
11 Aug 2014,1.0794,1030.75,0.7469,0.5956,102.11,1.1815,0.9062
12 Aug 2014,1.0784,1027.15,0.7486,0.595,102.19,1.185,0.9084
13 Aug 2014,1.0745,1029.75,0.7474,0.599,102.37,1.1819,0.9069
14 Aug 2014,1.0734,1021.2,0.7474,0.5993,102.45,1.1776,0.9052
15 Aug 2014,1.0752,1021.2,0.7472,0.5993,102.36,1.1795,0.9043
18 Aug 2014,1.0726,1017.6,0.7483,0.598,102.55,1.1802,0.9062
19 Aug 2014,1.0737,1017.95,0.7508,0.6018,102.82,1.1837,0.9089
20 Aug 2014,1.074,1022.85,0.7526,0.6007,103.32,1.1889,0.9113
21 Aug 2014,1.0743,1023.65,0.7528,0.6025,103.79,1.1896,0.9116
22 Aug 2014,1.0752,1018.05,0.7558,0.6035,104.1,1.1918,0.9151
26 Aug 2014,1.0728,1016.65,0.7573,0.6032,104.03,1.1996,0.9154
27 Aug 2014,1.0709,1014.35,0.7574,0.603,103.93,1.1952,0.9143
28 Aug 2014,1.0691,1015.1,0.759,0.6031,103.75,1.1935,0.9151
29 Aug 2014,1.0691,1014.1,0.7592,0.6021,103.88,1.1946,0.9159
01 Sep 2014,1.0704,1013.05,0.7612,0.6019,104.25,1.1932,0.9191
02 Sep 2014,1.0781,1018.6,0.7621,0.6058,105.14,1.2039,0.9196
03 Sep 2014,1.0703,1019.95,0.7612,0.6078,104.93,1.2015,0.9191
04 Sep 2014,1.067,1019.1,0.7712,0.6098,105.12,1.2011,0.9303
05 Sep 2014,1.0667,1024.65,0.7717,0.6127,104.89,1.2009,0.9307
08 Sep 2014,1.0735,1024.25,0.7723,0.6188,105.39,1.2047,0.9315
09 Sep 2014,1.0846,1034.4,0.7744,0.6209,106.23,1.2102,0.9344
10 Sep 2014,1.0922,1034.9,0.7743,0.6193,106.68,1.2139,0.9376
11 Sep 2014,1.0977,1036.3,0.7727,0.616,106.82,1.2216,0.9349
12 Sep 2014,1.1057,1035.3,0.773,0.6162,107.37,1.2262,0.9352
15 Sep 2014,1.1074,1038.55,0.7729,0.616,107.24,1.2244,0.9356
16 Sep 2014,1.1077,1036.2,0.7727,0.6166,107.18,1.2264,0.9342
17 Sep 2014,1.1051,1034.95,0.7716,0.6126,107.49,1.2255,0.9346
18 Sep 2014,1.113,1043.95,0.7739,0.6102,108.65,1.2277,0.9341
19 Sep 2014,1.1183,1044.2,0.7788,0.613,108.98,1.2314,0.94
22 Sep 2014,1.1274,1040.9,0.7799,0.6125,109.01,1.233,0.9417
23 Sep 2014,1.1302,1040.15,0.7774,0.6112,108.86,1.2413,0.9383
24 Sep 2014,1.1271,1040.02,0.7814,0.6117,108.8,1.2387,0.9437
25 Sep 2014,1.1343,1042.85,0.7845,0.6126,108.72,1.259,0.9469
26 Sep 2014,1.1396,1044.35,0.7876,0.6156,109.2,1.2681,0.9507
29 Sep 2014,1.1467,1053.4,0.7883,0.6157,109.36,1.2873,0.951
30 Sep 2014,1.1427,1054.95,0.7916,0.6168,109.7,1.2829,0.9555
01 Oct 2014,1.1485,1062.95,0.794,0.6172,109.59,1.2852,0.9582
02 Oct 2014,1.1399,1061.35,0.7903,0.6204,108.5,1.2728,0.9546
03 Oct 2014,1.1546,1061.35,0.7993,0.6265,109.76,1.2903,0.9669
06 Oct 2014,1.1455,1068.9,0.7956,0.6247,109.18,1.2839,0.9647
07 Oct 2014,1.1346,1069.65,0.7918,0.6217,108.31,1.2742,0.9603
08 Oct 2014,1.143,1075.3,0.7882,0.622,108.28,1.2822,0.956
09 Oct 2014,1.1331,1065.17,0.7866,0.6187,107.91,1.2637,0.9518
10 Oct 2014,1.1467,1074.1,0.792,0.6238,107.91,1.277,0.9581
13 Oct 2014,1.1423,1067.2,0.7886,0.6228,107.35,1.2715,0.9525
14 Oct 2014,1.1457,1064.78,0.7895,0.6282,107.06,1.2736,0.9533
15 Oct 2014,1.1382,1060.265,0.7838,0.6273,106.21,1.2617,0.9462
16 Oct 2014,1.1406,1061.2,0.7824,0.6242,106.09,1.2583,0.9442
17 Oct 2014,1.1422,1063.32,0.7833,0.6213,106.66,1.2598,0.9459
20 Oct 2014,1.1384,1058.405,0.7824,0.6199,106.89,1.2549,0.9439
21 Oct 2014,1.1352,1055.48,0.7856,0.6199,106.71,1.2528,0.9478
22 Oct 2014,1.1358,1053.43,0.7895,0.623,107.22,1.2577,0.9524
23 Oct 2014,1.141,1059.47,0.7906,0.6238,108.14,1.2767,0.9541
24 Oct 2014,1.1366,1056.54,0.7893,0.6218,108.17,1.2729,0.9522
27 Oct 2014,1.1365,1051.87,0.7867,0.6198,107.71,1.2681,0.9485
28 Oct 2014,1.1303,1047.6,0.7845,0.619,108.01,1.2612,0.9463
29 Oct 2014,1.1232,1044.39,0.7836,0.6192,108.11,1.2557,0.9452
30 Oct 2014,1.1333,1054.9,0.7923,0.6241,108.97,1.2755,0.9553
31 Oct 2014,1.1375,1073.745,0.7981,0.625,112.09,1.2855,0.9624
03 Nov 2014,1.1489,1078.495,0.801,0.6259,114.19,1.2943,0.9659
04 Nov 2014,1.146,1077.74,0.7955,0.6247,113.29,1.2855,0.9586
05 Nov 2014,1.1637,1092.41,0.8007,0.6259,114.51,1.2958,0.9642
06 Nov 2014,1.164,1085.06,0.8041,0.6288,114.72,1.2942,0.9685
07 Nov 2014,1.1613,1088.44,0.8055,0.6312,114.97,1.2943,0.9694
10 Nov 2014,1.1571,1088.88,0.8036,0.6301,114.65,1.2872,0.9664
11 Nov 2014,1.1549,1098.08,0.8047,0.63,115.81,1.2844,0.9681
12 Nov 2014,1.145,1092.42,0.8015,0.6317,115.15,1.2666,0.9635
13 Nov 2014,1.1443,1093.76,0.8016,0.6355,115.8,1.2649,0.9635
14 Nov 2014,1.1456,1102.81,0.8013,0.6391,116.5,1.2666,0.9628
17 Nov 2014,1.1478,1098.38,0.8028,0.639,116.45,1.2618,0.9644
18 Nov 2014,1.1453,1096.97,0.798,0.6392,116.63,1.2599,0.9587
19 Nov 2014,1.159,1113,0.7974,0.6383,117.7,1.2721,0.9586
20 Nov 2014,1.1597,1112.3,0.7974,0.6368,118.14,1.2708,0.9579
21 Nov 2014,1.1517,1110.44,0.8057,0.6378,117.58,1.2677,0.9684
24 Nov 2014,1.1606,1115.93,0.8041,0.637,118.4,1.2721,0.9671
25 Nov 2014,1.1711,1110.09,0.8009,0.6359,117.86,1.2794,0.9637
26 Nov 2014,1.1711,1105.28,0.7982,0.6332,117.54,1.2677,0.9598
27 Nov 2014,1.1697,1100.79,0.8012,0.636,117.83,1.2713,0.9631
28 Nov 2014,1.1711,1112.62,0.8022,0.6384,118.69,1.2736,0.9636
01 Dec 2014,1.1774,1109.19,0.8015,0.6361,118.32,1.2686,0.9639
02 Dec 2014,1.1823,1114.67,0.8063,0.6389,119.13,1.2806,0.9711
03 Dec 2014,1.1868,1114.16,0.8116,0.6364,119.64,1.285,0.9765
04 Dec 2014,1.1905,1113.17,0.8041,0.6369,119.73,1.2832,0.9667
05 Dec 2014,1.2002,1118.8,0.8133,0.6414,121.41,1.2945,0.9778
08 Dec 2014,1.2032,1113.71,0.8137,0.6402,120.93,1.3043,0.9782
09 Dec 2014,1.1972,1102.76,0.8049,0.6373,118.98,1.2922,0.9675
10 Dec 2014,1.2038,1104.62,0.8053,0.6372,118.78,1.2947,0.9689
11 Dec 2014,1.2115,1103.37,0.8076,0.637,119.44,1.2825,0.9702
12 Dec 2014,1.2124,1103.83,0.8024,0.6369,118.54,1.287,0.9637
15 Dec 2014,1.218,1101.53,0.8051,0.6405,118.39,1.2923,0.967
16 Dec 2014,1.2171,1080.89,0.7994,0.6358,117.2,1.2849,0.96
17 Dec 2014,1.2244,1093.49,0.8068,0.6393,117.41,1.2927,0.9689
18 Dec 2014,1.2256,1099.06,0.8144,0.6396,118.85,1.2902,0.9805
19 Dec 2014,1.2273,1098.04,0.8155,0.6395,119.44,1.2888,0.9811
22 Dec 2014,1.228,1098.28,0.8159,0.6398,119.93,1.2922,0.9812
23 Dec 2014,1.2346,1105.73,0.8213,0.6442,120.7,1.2965,0.9874
24 Dec 2014,1.2327,1103.35,0.8197,0.6434,120.43,1.2953,0.9857
29 Dec 2014,1.2273,1099.4,0.821,0.644,120.58,1.2835,0.9877
30 Dec 2014,1.2198,1098.18,0.822,0.6427,119.38,1.2745,0.9884
31 Dec 2014,1.2185,1090.02,0.8227,0.6407,119.33,1.276,0.9892
02 Jan 2015,1.2306,1106.11,0.8312,0.6499,120.2,1.2945,0.999
05 Jan 2015,1.2349,1109.4,0.8377,0.6562,119.59,1.2984,1.0064
06 Jan 2015,1.2324,1101.18,0.8389,0.6592,118.71,1.2849,1.0077
07 Jan 2015,1.2438,1103.19,0.8472,0.6639,119.45,1.295,1.0175
08 Jan 2015,1.2333,1097.12,0.848,0.663,119.68,1.2816,1.0186
09 Jan 2015,1.2213,1087.44,0.8451,0.6602,118.87,1.2783,1.0149
12 Jan 2015,1.2255,1084.5,0.8462,0.6606,118.65,1.2878,1.0163
13 Jan 2015,1.2264,1082.09,0.8488,0.6589,118.5,1.2928,1.0194
14 Jan 2015,1.2256,1082.02,0.8484,0.6573,116.9,1.2935,1.019
15 Jan 2015,1.2154,1079.42,0.863,0.6593,116.89,1.2867,0.9087
16 Jan 2015,1.2194,1078.81,0.8701,0.6617,117.65,1.2873,0.8531
19 Jan 2015,1.2167,1079.14,0.8597,0.6597,117.53,1.286,0.8751
20 Jan 2015,1.2228,1088.15,0.864,0.6581,118.34,1.2995,0.8776
21 Jan 2015,1.2271,1081.36,0.863,0.6616,117.75,1.3132,0.8614
22 Jan 2015,1.2332,1082.93,0.8759,0.6629,117.93,1.3243,0.8694
23 Jan 2015,1.2583,1076.65,0.8891,0.6655,117.84,1.3349,0.8778
26 Jan 2015,1.2618,1080.71,0.8884,0.6644,118.42,1.3483,0.8979
27 Jan 2015,1.2574,1076.14,0.877,0.6577,117.49,1.3394,0.9027
28 Jan 2015,1.2561,1086.84,0.8818,0.6588,117.73,1.3408,0.9049
29 Jan 2015,1.284,1097.51,0.8821,0.6633,118.07,1.3719,0.9185
30 Jan 2015,1.2835,1105,0.8862,0.6659,117.45,1.3776,0.9199
02 Feb 2015,1.2789,1100.61,0.8817,0.6651,117.26,1.3691,0.9239
03 Feb 2015,1.3006,1097.14,0.8734,0.6616,117.53,1.3753,0.9242
04 Feb 2015,1.2905,1087.59,0.8753,0.6572,117.53,1.3587,0.9256
05 Feb 2015,1.2809,1088.64,0.875,0.6542,117.47,1.3552,0.9251
06 Feb 2015,1.2809,1095.88,0.8815,0.6549,119.01,1.3565,0.9249
09 Feb 2015,1.2786,1097.51,0.8821,0.6562,118.57,1.3473,0.9251
10 Feb 2015,1.2853,1098.47,0.8831,0.6553,119.27,1.3503,0.9258
11 Feb 2015,1.2963,1109.06,0.8846,0.6551,120.37,1.355,0.9264
12 Feb 2015,1.2965,1104.51,0.8794,0.6509,118.99,1.351,0.9284
13 Feb 2015,1.2862,1098.48,0.877,0.6496,118.67,1.3387,0.9301
16 Feb 2015,1.2862,1100.82,0.8769,0.6502,118.49,1.3321,0.9294
17 Feb 2015,1.2817,1108.41,0.8771,0.6521,118.99,1.3303,0.9345
18 Feb 2015,1.283,1114.18,0.8802,0.6474,119.15,1.3287,0.9432
19 Feb 2015,1.2832,1112.75,0.878,0.6477,119.01,1.328,0.9478
20 Feb 2015,1.2767,1110.07,0.8796,0.6504,118.74,1.3282,0.944
23 Feb 2015,1.2812,1108.52,0.8807,0.6473,118.9,1.3275,0.9477
24 Feb 2015,1.2791,1111.47,0.8821,0.6469,119.2,1.3362,0.9493
25 Feb 2015,1.2676,1102.5,0.8805,0.6457,118.85,1.3266,0.9493
26 Feb 2015,1.278,1101.11,0.8917,0.6489,119.36,1.325,0.9535
27 Feb 2015,1.2773,1100.85,0.8915,0.6472,119.53,1.3212,0.9482
02 Mar 2015,1.2847,1102.47,0.8933,0.651,120.13,1.3291,0.9566
03 Mar 2015,1.2768,1097.6,0.8941,0.6505,119.58,1.3231,0.9599
04 Mar 2015,1.2786,1101.65,0.9034,0.6549,119.65,1.3194,0.9619
05 Mar 2015,1.2857,1101.03,0.9065,0.6563,120.16,1.3371,0.9715
06 Mar 2015,1.2935,1111.88,0.9208,0.664,121.15,1.3554,0.9838
09 Mar 2015,1.2962,1116,0.922,0.6624,121.18,1.3589,0.9874
10 Mar 2015,1.3096,1124.32,0.934,0.6629,121.21,1.3753,0.9997
11 Mar 2015,1.3191,1132.29,0.9457,0.6691,121.51,1.3856,1.0074
12 Mar 2015,1.2979,1121.63,0.9422,0.6709,121.29,1.3508,1.0035
13 Mar 2015,1.3106,1137.8,0.9503,0.6777,121.17,1.3644,1.0049
16 Mar 2015,1.3065,1130.62,0.9456,0.6757,121.31,1.3534,1.0074
17 Mar 2015,1.3132,1128.69,0.943,0.6783,121.29,1.3676,1.0042
18 Mar 2015,1.3067,1128.09,0.9396,0.6809,120.92,1.3583,0.9953
19 Mar 2015,1.3127,1122.14,0.9415,0.679,120.91,1.3557,0.9922
20 Mar 2015,1.2888,1114.475,0.9267,0.6702,120.28,1.3236,0.9768
23 Mar 2015,1.2742,1108.17,0.9151,0.6695,119.75,1.312,0.967
24 Mar 2015,1.2708,1104.89,0.9169,0.6726,119.93,1.3104,0.9589
25 Mar 2015,1.2729,1100.63,0.9102,0.6705,119.38,1.3103,0.9576
26 Mar 2015,1.2763,1104.14,0.9158,0.6737,119.02,1.3187,0.9612
27 Mar 2015,1.2898,1104.4,0.9182,0.6721,119.16,1.3229,0.9587
30 Mar 2015,1.3091,1107.15,0.9233,0.6754,119.99,1.3305,0.9675
31 Mar 2015,1.3086,1108.07,0.9309,0.6735,119.91,1.3333,0.9713
01 Apr 2015,1.3129,1099.71,0.9296,0.6749,119.65,1.3434,0.9675
02 Apr 2015,1.3198,1090.55,0.9192,0.6744,119.75,1.3346,0.958
07 Apr 2015,1.307,1092.2,0.921,0.6726,120.32,1.3296,0.9625
08 Apr 2015,1.2989,1093.76,0.9267,0.6701,119.97,1.3215,0.9659
09 Apr 2015,1.2989,1094.31,0.9366,0.6786,120.34,1.3256,0.9755
10 Apr 2015,1.3017,1093.23,0.9414,0.6825,120.2,1.3257,0.9797
13 Apr 2015,1.3214,1101.15,0.9456,0.683,120.35,1.3437,0.9785
14 Apr 2015,1.3075,1092.33,0.9351,0.6761,119.15,1.3247,0.969
15 Apr 2015,1.313,1095.45,0.9426,0.6772,119.31,1.3263,0.973
16 Apr 2015,1.2867,1088.06,0.9345,0.6712,119.32,1.3094,0.961
17 Apr 2015,1.2872,1082.39,0.928,0.6684,119.06,1.3033,0.9537
20 Apr 2015,1.2943,1081.96,0.9299,0.6705,119.26,1.3046,0.9545
21 Apr 2015,1.2915,1082.96,0.9309,0.6697,119.53,1.299,0.9545
22 Apr 2015,1.2883,1080.73,0.9326,0.6651,119.83,1.3046,0.9658
23 Apr 2015,1.2872,1082.2,0.9258,0.6643,119.66,1.3191,0.9553
24 Apr 2015,1.2784,1075.83,0.9205,0.6594,119,1.3179,0.9532
27 Apr 2015,1.2716,1072.75,0.9189,0.6574,119.14,1.3087,0.953
28 Apr 2015,1.2498,1064.97,0.9106,0.6526,118.84,1.2947,0.9511
29 Apr 2015,1.2408,1066.93,0.8968,0.6471,118.94,1.294,0.938
30 Apr 2015,1.2679,1077.13,0.8928,0.6507,119.67,1.3135,0.9371
01 May 2015,1.2762,1081.91,0.8913,0.6589,120.11,1.3256,0.9317
05 May 2015,1.2596,1081.375,0.8939,0.6582,120,1.3228,0.9254
06 May 2015,1.2473,1078.15,0.8807,0.6558,119.38,1.3275,0.9137
07 May 2015,1.2634,1092.98,0.888,0.6579,119.5,1.3454,0.92
08 May 2015,1.2655,1089.77,0.8911,0.6484,119.77,1.3394,0.9276
11 May 2015,1.2633,1095.6,0.897,0.6426,119.94,1.3585,0.9341
12 May 2015,1.2533,1096.78,0.8891,0.6384,119.89,1.3587,0.9256
13 May 2015,1.2347,1091.87,0.881,0.6358,119.1,1.3376,0.9173
14 May 2015,1.2373,1090.72,0.8787,0.6346,119.23,1.331,0.9152
15 May 2015,1.2416,1084.38,0.8743,0.6334,119.3,1.3364,0.9162
18 May 2015,1.2486,1088.29,0.8799,0.6377,119.84,1.3521,0.922
19 May 2015,1.2642,1094.91,0.8986,0.6449,120.68,1.3611,0.9381
20 May 2015,1.2692,1095.56,0.9003,0.6428,121.2,1.3684,0.9384
21 May 2015,1.2698,1095.05,0.8993,0.6383,121.16,1.3691,0.9362
22 May 2015,1.2778,1094.435,0.9069,0.6451,121.44,1.3678,0.9425
26 May 2015,1.2915,1106.8,0.9176,0.65,123.06,1.3799,0.9494
27 May 2015,1.296,1108.17,0.9191,0.6522,123.76,1.3826,0.9513
28 May 2015,1.3091,1109.95,0.9159,0.6539,124.24,1.3966,0.9457
29 May 2015,1.306,1113.08,0.9122,0.6553,124.06,1.4053,0.9438
01 Jun 2015,1.3134,1115.17,0.9177,0.6576,124.53,1.4077,0.9463
02 Jun 2015,1.2908,1109.33,0.8986,0.6524,124.12,1.398,0.9342
03 Jun 2015,1.2814,1105.3,0.8877,0.6523,124.13,1.3939,0.9351
04 Jun 2015,1.3028,1113,0.8863,0.6508,124.49,1.4049,0.9342
05 Jun 2015,1.3111,1122.24,0.9003,0.6561,125.65,1.4196,0.9471
08 Jun 2015,1.3103,1123.05,0.8923,0.6547,125.34,1.413,0.9366
09 Jun 2015,1.3029,1121.02,0.8894,0.6529,124.37,1.4039,0.9313
10 Jun 2015,1.2893,1111.07,0.8847,0.6435,122.63,1.3895,0.9287
11 Jun 2015,1.2955,1114.54,0.8902,0.6455,123.67,1.4325,0.9362
12 Jun 2015,1.2922,1113.15,0.8874,0.6423,123.28,1.4316,0.9266
15 Jun 2015,1.2875,1115.05,0.8887,0.6434,123.49,1.43,0.9353
16 Jun 2015,1.2897,1119.07,0.89,0.6399,123.44,1.4331,0.9311
17 Jun 2015,1.3045,1123.65,0.8902,0.6365,124.24,1.447,0.9298
18 Jun 2015,1.2776,1104.01,0.877,0.6297,122.98,1.4418,0.9186
19 Jun 2015,1.289,1103.61,0.8826,0.6296,122.76,1.4503,0.9222
22 Jun 2015,1.2888,1099.34,0.8773,0.6322,123.21,1.4524,0.9173
23 Jun 2015,1.2945,1106.45,0.8941,0.6358,123.89,1.4605,0.9341
24 Jun 2015,1.3004,1112.42,0.8942,0.6361,124.33,1.4573,0.9354
25 Jun 2015,1.292,1112.375,0.8935,0.636,123.7,1.4476,0.9383
26 Jun 2015,1.3087,1122.7,0.8978,0.6358,123.94,1.4654,0.9349
29 Jun 2015,1.3068,1119.915,0.8968,0.6352,122.66,1.468,0.9291
30 Jun 2015,1.3012,1117.33,0.8976,0.6358,122.36,1.4789,0.9353
01 Jul 2015,1.3045,1124.04,0.9002,0.6397,122.95,1.4819,0.9446
02 Jul 2015,1.3101,1119.26,0.9003,0.6408,123.07,1.4865,0.9437
03 Jul 2015,1.3301,1122.53,0.9008,0.6408,122.71,1.4952,0.9417
06 Jul 2015,1.328,1126.795,0.9029,0.6409,122.65,1.4905,0.9437
07 Jul 2015,1.3466,1134.29,0.9144,0.6486,122.21,1.5038,0.9504
08 Jul 2015,1.3444,1135.45,0.9037,0.6513,121.05,1.487,0.9499
09 Jul 2015,1.3464,1131.31,0.9054,0.6499,121.32,1.4877,0.9474
10 Jul 2015,1.3475,1127.57,0.895,0.6448,122.67,1.4914,0.939
13 Jul 2015,1.3539,1135.93,0.9084,0.6441,123.46,1.4966,0.9499
14 Jul 2015,1.3426,1143.96,0.9091,0.6423,123.43,1.4923,0.9464
15 Jul 2015,1.3512,1146.14,0.9124,0.6404,123.93,1.5085,0.9526
16 Jul 2015,1.3472,1144.24,0.9168,0.6414,124.03,1.53,0.9547
17 Jul 2015,1.3543,1149.19,0.9212,0.6397,123.97,1.5293,0.9598
20 Jul 2015,1.3559,1157.49,0.9205,0.6414,124.25,1.5223,0.9625
21 Jul 2015,1.3444,1149.22,0.9144,0.6426,123.84,1.5051,0.9569
22 Jul 2015,1.3552,1155.86,0.918,0.6398,124.05,1.5216,0.9625
23 Jul 2015,1.3563,1161.51,0.9107,0.644,124.02,1.506,0.9594
24 Jul 2015,1.374,1172.64,0.9116,0.645,123.7,1.5205,0.9588
27 Jul 2015,1.3699,1168.98,0.9005,0.6419,123.1,1.5078,0.9581
28 Jul 2015,1.3693,1164.21,0.9059,0.6418,123.61,1.4986,0.9656
29 Jul 2015,1.3686,1158.08,0.9066,0.639,123.79,1.497,0.9632
30 Jul 2015,1.3746,1174.09,0.9154,0.6407,124.33,1.5195,0.9696
31 Jul 2015,1.3611,1162.12,0.9051,0.6408,123.89,1.5051,0.9615
03 Aug 2015,1.374,1169.08,0.9113,0.6402,123.95,1.5131,0.9675
04 Aug 2015,1.3479,1161.82,0.9123,0.6411,123.93,1.5193,0.9732
05 Aug 2015,1.3615,1176.08,0.9202,0.6408,125.01,1.5342,0.9819
06 Aug 2015,1.3607,1164.16,0.9163,0.645,124.71,1.5277,0.9818
07 Aug 2015,1.3523,1167,0.9142,0.6464,124.31,1.5154,0.9829
10 Aug 2015,1.3526,1162.59,0.9107,0.6433,124.52,1.5163,0.9864
11 Aug 2015,1.3706,1182.76,0.9053,0.6423,124.85,1.5309,0.9837
12 Aug 2015,1.3569,1172.17,0.8936,0.6395,123.85,1.5076,0.9698
13 Aug 2015,1.3594,1178.39,0.8986,0.6417,124.43,1.5246,0.976
14 Aug 2015,1.3559,1176.6,0.8998,0.6407,124.3,1.5267,0.9767
17 Aug 2015,1.355,1183.4,0.9029,0.6411,124.37,1.5209,0.9782
18 Aug 2015,1.3643,1184.77,0.9063,0.6389,124.43,1.5223,0.9777
19 Aug 2015,1.3659,1184.7,0.9046,0.6393,124.28,1.5256,0.9716
20 Aug 2015,1.3631,1186.07,0.8933,0.6384,123.62,1.5094,0.9639
21 Aug 2015,1.3635,1194.07,0.884,0.6382,122.45,1.4948,0.9541
24 Aug 2015,1.3902,1191.01,0.864,0.6354,118.77,1.5385,0.9362
25 Aug 2015,1.3937,1182.6,0.8763,0.6371,119.92,1.5344,0.9479
26 Aug 2015,1.4069,1186.6,0.8765,0.6435,119.13,1.5552,0.9457
27 Aug 2015,1.3998,1175.93,0.8917,0.6505,120.72,1.5489,0.9625
28 Aug 2015,1.3982,1176.31,0.8916,0.6513,121,1.5463,0.9607
01 Sep 2015,1.4217,1179.52,0.8884,0.6525,119.9,1.5775,0.9619
02 Sep 2015,1.4273,1184.95,0.8905,0.6539,120.2,1.577,0.9698
03 Sep 2015,1.4233,1187.79,0.9012,0.6567,120.28,1.5664,0.9768
04 Sep 2015,1.4426,1196.13,0.8997,0.659,119.17,1.5893,0.9751
07 Sep 2015,1.4434,1203.93,0.8959,0.655,119.34,1.5985,0.9758
08 Sep 2015,1.4294,1197.04,0.8945,0.6511,119.76,1.5833,0.9791
09 Sep 2015,1.4227,1185.955,0.8958,0.6507,120.96,1.5627,0.9778
10 Sep 2015,1.417,1186.44,0.8917,0.6481,120.83,1.5941,0.976
11 Sep 2015,1.4168,1182.88,0.8866,0.6493,120.6,1.5896,0.9761
14 Sep 2015,1.3992,1182.72,0.8862,0.6501,120.09,1.579,0.9703
15 Sep 2015,1.4106,1179.675,0.8871,0.6512,120.15,1.5878,0.9734
16 Sep 2015,1.3906,1172.23,0.8854,0.6445,120.49,1.5706,0.9686
17 Sep 2015,1.3996,1165.26,0.8845,0.6443,120.9,1.5815,0.97
18 Sep 2015,1.3848,1164.99,0.8795,0.6416,119.94,1.5608,0.9606
21 Sep 2015,1.4011,1179.41,0.8933,0.6458,120.52,1.585,0.9725
22 Sep 2015,1.4162,1187.67,0.8981,0.6517,120.03,1.5936,0.9736
23 Sep 2015,1.4255,1193.78,0.8974,0.6568,120.52,1.5967,0.9793
24 Sep 2015,1.43,1197.68,0.8856,0.6543,119.3,1.5751,0.9682
25 Sep 2015,1.4251,1190.78,0.8951,0.659,120.81,1.5728,0.977
28 Sep 2015,1.4296,1195.55,0.8925,0.659,119.89,1.5783,0.975
29 Sep 2015,1.4265,1195.13,0.8914,0.6606,119.93,1.5696,0.9728
30 Sep 2015,1.4237,1186.35,0.8956,0.6602,119.78,1.563,0.9769
01 Oct 2015,1.418,1177.95,0.8925,0.6598,119.63,1.5584,0.9749
02 Oct 2015,1.4223,1178.29,0.887,0.6579,119.22,1.5552,0.9696
05 Oct 2015,1.4122,1160.37,0.8918,0.6588,120.28,1.5394,0.9747
06 Oct 2015,1.4013,1163.9,0.8879,0.6574,120.17,1.5333,0.9682
07 Oct 2015,1.3848,1154.12,0.8901,0.653,120.02,1.5063,0.9713
08 Oct 2015,1.3879,1158.66,0.8868,0.6538,119.85,1.511,0.967
09 Oct 2015,1.3626,1143.29,0.8806,0.6533,120.32,1.4912,0.9622
12 Oct 2015,1.3563,1142.77,0.8792,0.6518,119.94,1.4841,0.9608
13 Oct 2015,1.3702,1148.28,0.8793,0.6569,119.86,1.4941,0.9602
14 Oct 2015,1.3774,1142.35,0.8744,0.6478,119.25,1.4789,0.9526
15 Oct 2015,1.3667,1123.66,0.8783,0.6469,118.53,1.4586,0.9506
16 Oct 2015,1.3765,1129.81,0.879,0.6474,119.2,1.4695,0.9511
19 Oct 2015,1.3782,1128.95,0.8843,0.646,119.48,1.4695,0.9572
20 Oct 2015,1.377,1129.89,0.8817,0.6468,119.92,1.4819,0.9542
21 Oct 2015,1.3858,1139.27,0.8807,0.6469,119.96,1.4852,0.9566
22 Oct 2015,1.3847,1133.42,0.896,0.6489,120.36,1.473,0.9715
23 Oct 2015,1.3837,1131.01,0.9063,0.6514,121.14,1.4802,0.9763
26 Oct 2015,1.377,1129.835,0.905,0.651,120.87,1.4719,0.9815
27 Oct 2015,1.3826,1135.69,0.9048,0.6531,120.28,1.4702,0.9848
28 Oct 2015,1.4,1132.03,0.9038,0.6527,120.58,1.4881,0.9852
29 Oct 2015,1.4124,1142.99,0.9124,0.6539,121.15,1.4972,0.9917
30 Oct 2015,1.4019,1140.84,0.9057,0.6475,120.72,1.4784,0.9859
02 Nov 2015,1.3996,1138.51,0.9061,0.6482,120.66,1.4791,0.9838
03 Nov 2015,1.3949,1132.005,0.9132,0.6494,121.16,1.4979,0.9911
04 Nov 2015,1.398,1136.675,0.9208,0.65,121.6,1.5177,0.9932
05 Nov 2015,1.4,1140.09,0.9204,0.6557,121.57,1.5099,0.9973
06 Nov 2015,1.4209,1152.94,0.931,0.6633,123.17,1.5347,1.0047
09 Nov 2015,1.4178,1160.62,0.9306,0.6619,123.3,1.5295,1.0039
10 Nov 2015,1.4231,1159.87,0.9352,0.6618,123.26,1.5321,1.0069
11 Nov 2015,1.4168,1155.52,0.9321,0.6579,122.92,1.5246,1.0042
12 Nov 2015,1.4067,1160.11,0.9299,0.6582,122.93,1.5335,1.0036
13 Nov 2015,1.4053,1170.47,0.9319,0.6581,122.8,1.533,1.0081
16 Nov 2015,1.4114,1172.93,0.9331,0.658,123.08,1.5423,1.0073
17 Nov 2015,1.4045,1169.97,0.9388,0.6572,123.45,1.548,1.0147
18 Nov 2015,1.412,1168.03,0.9391,0.6574,123.6,1.5538,1.0194
19 Nov 2015,1.3885,1158.82,0.9314,0.6538,122.84,1.52,1.0143
20 Nov 2015,1.3824,1151.85,0.9379,0.6572,122.8,1.5246,1.0172
23 Nov 2015,1.39,1159.33,0.9422,0.6609,122.96,1.5366,1.0203
24 Nov 2015,1.3837,1152.42,0.9398,0.6636,122.46,1.5307,1.017
25 Nov 2015,1.3829,1144.495,0.9432,0.6637,122.86,1.5263,1.024
26 Nov 2015,1.3835,1148.97,0.9417,0.6611,122.56,1.5216,1.0242
27 Nov 2015,1.3906,1155.71,0.9438,0.6643,122.77,1.5323,1.0298
30 Nov 2015,1.3803,1157.03,0.9469,0.6643,123.29,1.5179,1.0279
01 Dec 2015,1.3686,1158.3,0.9427,0.6643,122.87,1.499,1.0291
02 Dec 2015,1.3665,1165.66,0.9463,0.6693,123.47,1.5067,1.0294
03 Dec 2015,1.3714,1165.95,0.9217,0.6651,123.18,1.5119,1.0032
04 Dec 2015,1.3598,1161.29,0.9184,0.6622,123.12,1.4808,0.9997
07 Dec 2015,1.3744,1172.54,0.9217,0.6635,123.27,1.5033,1.0008
08 Dec 2015,1.3839,1180.23,0.9199,0.6674,122.93,1.5053,0.994
09 Dec 2015,1.3843,1181.42,0.9122,0.6587,122.09,1.5076,0.988
10 Dec 2015,1.3706,1177.18,0.9144,0.6595,121.52,1.4802,0.9883
11 Dec 2015,1.3873,1189.29,0.9092,0.6574,120.99,1.4894,0.9833
14 Dec 2015,1.3814,1187.13,0.9068,0.6616,120.73,1.4773,0.9815
15 Dec 2015,1.3947,1176.18,0.9157,0.6645,121.73,1.4819,0.9904
16 Dec 2015,1.3902,1177.42,0.9136,0.6664,121.8,1.478,0.9866
17 Dec 2015,1.4059,1188.04,0.923,0.672,122.68,1.4932,0.9959
18 Dec 2015,1.3924,1180.73,0.9221,0.6715,121.51,1.483,0.9941
21 Dec 2015,1.3916,1175.02,0.9158,0.6718,121.1,1.4769,0.9924
22 Dec 2015,1.3827,1170.19,0.9118,0.6745,120.9,1.4674,0.9883
23 Dec 2015,1.3835,1173.04,0.9192,0.6726,120.98,1.473,0.9937
24 Dec 2015,1.3749,1169.19,0.9135,0.6702,120.37,1.4656,0.9867
29 Dec 2015,1.3714,1170.72,0.917,0.6759,120.48,1.4562,0.993
30 Dec 2015,1.3712,1178.65,0.9163,0.6742,120.56,1.4622,0.9902
31 Dec 2015,1.3674,1176.55,0.9181,0.6748,120.39,1.4611,0.9937
04 Jan 2016,1.3955,1192.29,0.9258,0.6808,119.3,1.4854,1.0052
05 Jan 2016,1.4017,1190.42,0.9327,0.6827,119.15,1.495,1.0114
06 Jan 2016,1.416,1200.97,0.9308,0.6846,118.65,1.5085,1.009
07 Jan 2016,1.4247,1193.93,0.9235,0.6865,118.08,1.5053,1.0036
08 Jan 2016,1.4337,1207.47,0.9168,0.6878,117.69,1.5265,0.9948
11 Jan 2016,1.4306,1205.2,0.9216,0.6882,117.37,1.5277,1.0018
12 Jan 2016,1.4327,1208.76,0.924,0.6961,117.96,1.5319,1.0038
13 Jan 2016,1.4292,1204.19,0.9221,0.6925,118.34,1.5239,1.0097
14 Jan 2016,1.4366,1211.09,0.9224,0.6948,118.07,1.5468,1.0083
15 Jan 2016,1.4533,1216.78,0.9134,0.699,116.9,1.553,0.999
18 Jan 2016,1.4543,1209.13,0.9198,0.7008,117.4,1.5516,1.0067
19 Jan 2016,1.4455,1206.4,0.9177,0.707,117.81,1.5427,1.0036
20 Jan 2016,1.4616,1217.5,0.9176,0.7049,116.21,1.5691,1.0035
21 Jan 2016,1.4395,1207.75,0.924,0.7075,117.29,1.5497,1.0111
22 Jan 2016,1.4233,1196.65,0.9239,0.6978,118.52,1.5418,1.0142
25 Jan 2016,1.4345,1194.73,0.923,0.7009,118.6,1.5449,1.0158
26 Jan 2016,1.4286,1201.19,0.9217,0.6981,118.43,1.542,1.0179
27 Jan 2016,1.4192,1203.11,0.92,0.7014,118.75,1.5368,1.0174
28 Jan 2016,1.411,1205.23,0.9141,0.695,118.67,1.5458,1.0138
29 Jan 2016,1.414,1208.89,0.9243,0.7049,121.07,1.5458,1.0247
01 Feb 2016,1.4114,1204.64,0.9182,0.6961,121.04,1.5356,1.0179
02 Feb 2016,1.4184,1212.8,0.9172,0.6956,120.25,1.5404,1.0202
03 Feb 2016,1.4067,1216.15,0.9051,0.6853,117.97,1.4999,1.0081
04 Feb 2016,1.3829,1183.52,0.8954,0.686,117.14,1.4885,0.9978
05 Feb 2016,1.4114,1205.83,0.8976,0.6905,117,1.5099,0.9933
08 Feb 2016,1.4136,1207.4,0.8972,0.696,115.57,1.5122,0.99
09 Feb 2016,1.4126,1198.56,0.8842,0.6904,114.68,1.5026,0.9702
10 Feb 2016,1.4102,1191.11,0.8929,0.6916,114.42,1.5026,0.9788
11 Feb 2016,1.4134,1200.77,0.8816,0.6928,111.88,1.4997,0.9735
12 Feb 2016,1.4118,1208.045,0.8893,0.6917,112.71,1.5088,0.977
15 Feb 2016,1.3998,1212.345,0.8973,0.6918,114.49,1.5031,0.9883
16 Feb 2016,1.4106,1221.29,0.8974,0.699,113.82,1.526,0.9886
17 Feb 2016,1.3949,1224.92,0.8984,0.6986,114.27,1.5085,0.9935
18 Feb 2016,1.399,1231.81,0.9009,0.6961,113.64,1.5094,0.9939
19 Feb 2016,1.4102,1233.38,0.9004,0.701,112.78,1.5184,0.9915
22 Feb 2016,1.3829,1224.97,0.9069,0.7075,112.99,1.4896,0.9987
23 Feb 2016,1.3858,1231.12,0.9071,0.709,112.07,1.4993,0.9907
24 Feb 2016,1.3935,1234.75,0.907,0.7178,111.09,1.5072,0.9872
25 Feb 2016,1.3885,1238,0.9062,0.7169,112.68,1.4943,0.9888
26 Feb 2016,1.3966,1240.21,0.9152,0.7214,113.92,1.4968,0.9985
29 Feb 2016,1.4006,1241.78,0.9205,0.7179,112.89,1.5177,0.9959
01 Mar 2016,1.3982,1233.28,0.9208,0.7181,113.59,1.5165,0.9983
02 Mar 2016,1.3774,1228.86,0.9235,0.711,113.92,1.5067,1.0006
03 Mar 2016,1.3569,1211.26,0.9147,0.7064,113.59,1.4839,0.9932
04 Mar 2016,1.3493,1200.095,0.9084,0.7034,113.8,1.4725,0.9935
07 Mar 2016,1.3392,1201.62,0.9104,0.704,113.52,1.4697,0.9986
08 Mar 2016,1.3439,1208.745,0.9043,0.7037,112.44,1.4793,0.9918
09 Mar 2016,1.3326,1208.695,0.9085,0.7031,112.9,1.4747,0.9968
10 Mar 2016,1.3428,1203.78,0.8971,0.699,113.38,1.5017,0.988
11 Mar 2016,1.3242,1186.41,0.8961,0.6947,113.51,1.4835,0.9837
14 Mar 2016,1.3307,1188.65,0.9004,0.6982,113.6,1.495,0.986
15 Mar 2016,1.3398,1196.445,0.8999,0.706,112.87,1.5119,0.9852
16 Mar 2016,1.3452,1192.2,0.9029,0.7093,113.7,1.5152,0.9879
17 Mar 2016,1.3092,1156.17,0.8837,0.6901,111.3,1.4633,0.968
18 Mar 2016,1.3127,1161.175,0.8856,0.689,111.39,1.4682,0.9682
21 Mar 2016,1.3167,1158.07,0.8881,0.6943,111.63,1.4784,0.9678
22 Mar 2016,1.3115,1155.58,0.8907,0.7034,111.81,1.4793,0.9705
23 Mar 2016,1.3275,1166.995,0.8948,0.7087,112.63,1.4923,0.9732
24 Mar 2016,1.3305,1168.695,0.8958,0.7071,112.64,1.4939,0.9767
29 Mar 2016,1.321,1166.045,0.8937,0.701,113.4,1.4697,0.9752
30 Mar 2016,1.2994,1141.27,0.8807,0.6921,112.44,1.4415,0.9619
31 Mar 2016,1.2995,1137.295,0.8774,0.6955,112.39,1.4397,0.9573
01 Apr 2016,1.3086,1150.96,0.8814,0.705,112.39,1.4579,0.9622
04 Apr 2016,1.3132,1151.295,0.8786,0.6997,111.24,1.4611,0.9596
05 Apr 2016,1.3264,1160.095,0.879,0.7076,110.47,1.4695,0.9573
06 Apr 2016,1.3226,1159.6,0.8792,0.7099,109.97,1.4699,0.9575
07 Apr 2016,1.3301,1159.495,0.8788,0.7095,107.91,1.4738,0.9551
08 Apr 2016,1.321,1147.71,0.8767,0.7089,108.4,1.465,0.9532
11 Apr 2016,1.3153,1144.21,0.8739,0.7011,107.83,1.4567,0.9513
12 Apr 2016,1.3103,1146.69,0.8791,0.7038,108.59,1.452,0.9572
13 Apr 2016,1.3091,1146.545,0.8862,0.7039,109.26,1.4478,0.965
14 Apr 2016,1.2979,1153.745,0.8879,0.7072,109.2,1.4567,0.9673
15 Apr 2016,1.298,1146.595,0.8853,0.7053,108.74,1.4478,0.9668
18 Apr 2016,1.2905,1145.495,0.8827,0.7006,108.71,1.4399,0.9632
19 Apr 2016,1.2801,1126.32,0.879,0.6943,109.31,1.4217,0.9599
20 Apr 2016,1.2807,1132,0.8826,0.6944,109.25,1.429,0.9662
21 Apr 2016,1.2873,1136.9,0.8859,0.6974,109.47,1.4424,0.9727
22 Apr 2016,1.294,1146.34,0.8898,0.694,111.48,1.4567,0.9772
25 Apr 2016,1.2942,1147.87,0.8875,0.6897,110.93,1.4573,0.9742
26 Apr 2016,1.2917,1147.83,0.8845,0.6857,111.16,1.4512,0.9729
27 Apr 2016,1.3194,1152.1,0.8843,0.6879,111.27,1.4594,0.9728
28 Apr 2016,1.3113,1142.89,0.8838,0.6863,108.56,1.4355,0.9695
29 Apr 2016,1.3101,1142.1,0.8731,0.6826,107.01,1.43,0.9589
03 May 2016,1.3326,1148.78,0.8683,0.6872,106.2,1.442,0.9529
04 May 2016,1.3385,1165.955,0.8701,0.6905,106.89,1.4499,0.9572
05 May 2016,1.3387,1167.79,0.8773,0.6898,107.4,1.4505,0.9682
06 May 2016,1.36,1170.46,0.8755,0.6929,106.66,1.4646,0.9697
09 May 2016,1.3661,1174.71,0.8775,0.6945,108.34,1.4751,0.9707
10 May 2016,1.3574,1171.28,0.8777,0.6915,109.08,1.481,0.9737
11 May 2016,1.3539,1163.96,0.8747,0.6913,108.64,1.465,0.9709
12 May 2016,1.3615,1167.895,0.877,0.6895,108.71,1.4626,0.9669
13 May 2016,1.3753,1178.035,0.885,0.6968,109.09,1.4767,0.9757
16 May 2016,1.3693,1177.5,0.8825,0.6942,108.82,1.4719,0.9766
17 May 2016,1.3622,1173.62,0.8823,0.6912,108.94,1.4635,0.976
18 May 2016,1.3751,1186.36,0.8867,0.6841,109.6,1.4769,0.9814
19 May 2016,1.3893,1188.96,0.8925,0.6856,109.9,1.4843,0.9898
20 May 2016,1.3848,1188.85,0.8919,0.6889,110.46,1.4791,0.9925
23 May 2016,1.3881,1184.645,0.8931,0.6915,109.45,1.4799,0.9922
24 May 2016,1.3918,1187.095,0.8961,0.6845,109.87,1.4832,0.9927
25 May 2016,1.3916,1182.82,0.8973,0.6796,110.27,1.4808,0.9915
26 May 2016,1.3854,1178.675,0.8941,0.6811,109.67,1.4828,0.9898
27 May 2016,1.391,1182.7,0.8982,0.6842,109.86,1.4903,0.9926
31 May 2016,1.3803,1189.955,0.8983,0.687,110.93,1.478,0.9943
01 Jun 2016,1.3799,1195.6,0.8949,0.6938,109.43,1.4686,0.9876
02 Jun 2016,1.3833,1189.42,0.8961,0.6922,108.56,1.4663,0.9898
03 Jun 2016,1.3654,1169.045,0.8827,0.6888,106.76,1.442,0.9787
06 Jun 2016,1.3561,1161.96,0.8798,0.6914,107.25,1.4399,0.9716
07 Jun 2016,1.3417,1155.57,0.8807,0.6868,107.22,1.4339,0.9665
08 Jun 2016,1.339,1154.135,0.8777,0.6872,106.62,1.4247,0.9595
09 Jun 2016,1.3448,1158.745,0.8829,0.6913,106.47,1.4011,0.9645
10 Jun 2016,1.3501,1166.775,0.8851,0.6976,106.89,1.4114,0.9625
13 Jun 2016,1.3506,1168.37,0.885,0.7002,106.31,1.4136,0.9663
14 Jun 2016,1.3592,1178.73,0.892,0.7085,105.93,1.4282,0.9633
15 Jun 2016,1.3479,1168.495,0.89,0.7044,105.85,1.4213,0.9625
16 Jun 2016,1.3686,1177.86,0.8971,0.711,103.92,1.4325,0.9672
17 Jun 2016,1.3539,1171.895,0.8892,0.6996,104.29,1.4172,0.9615
20 Jun 2016,1.3398,1156.095,0.882,0.6805,104.41,1.4065,0.9596
21 Jun 2016,1.3414,1154.83,0.8874,0.6817,104.53,1.4029,0.9586
22 Jun 2016,1.3342,1150.3,0.8864,0.6809,104.69,1.3955,0.9598
23 Jun 2016,1.3196,1146.42,0.8811,0.6758,105.71,1.385,0.9569
24 Jun 2016,1.3346,1167.845,0.8996,0.7342,102.09,1.3974,0.9676
27 Jun 2016,1.3615,1184.19,0.9113,0.7603,101.68,1.4231,0.9815
28 Jun 2016,1.3587,1168.56,0.9048,0.7506,102.79,1.4217,0.9802
29 Jun 2016,1.3444,1155.15,0.9005,0.7395,102.61,1.4057,0.9796
30 Jun 2016,1.3428,1154.23,0.8996,0.7447,102.64,1.4041,0.9744
01 Jul 2016,1.3362,1147.71,0.8982,0.7536,102.67,1.3951,0.9739
04 Jul 2016,1.3259,1147.86,0.8978,0.7526,102.53,1.3824,0.9714
05 Jul 2016,1.339,1157.98,0.9005,0.7664,101.55,1.3953,0.9742
06 Jul 2016,1.334,1163.56,0.9033,0.7761,100.82,1.4059,0.9776
07 Jul 2016,1.3342,1155.745,0.9032,0.7733,100.78,1.3858,0.9774
08 Jul 2016,1.3242,1150.22,0.9061,0.7716,100.55,1.3716,0.9836
11 Jul 2016,1.3261,1147.95,0.9055,0.77,102.62,1.3824,0.9832
12 Jul 2016,1.3118,1146.96,0.9032,0.7584,104.55,1.3731,0.9874
13 Jul 2016,1.3111,1144.435,0.9007,0.7567,104.31,1.371,0.9841
14 Jul 2016,1.3099,1133.045,0.9006,0.7506,105.37,1.3889,0.9824
15 Jul 2016,1.3182,1137.06,0.9033,0.7558,105.82,1.4027,0.9828
18 Jul 2016,1.3187,1137.19,0.9037,0.7527,105.87,1.4077,0.9842
19 Jul 2016,1.3351,1142.315,0.9082,0.7613,106.39,1.4221,0.9852
20 Jul 2016,1.336,1141.66,0.9084,0.759,106.74,1.4215,0.9863
21 Jul 2016,1.3335,1138.56,0.9096,0.7569,106.35,1.4314,0.9889
22 Jul 2016,1.3428,1137.635,0.9107,0.7642,106.27,1.432,0.9882
25 Jul 2016,1.3407,1141.045,0.9115,0.7621,106.08,1.4331,0.9874
26 Jul 2016,1.331,1138.96,0.9107,0.7624,104.63,1.4196,0.9923
27 Jul 2016,1.339,1136.095,0.9102,0.7625,105.63,1.4194,0.9932
28 Jul 2016,1.3312,1127.17,0.9023,0.7622,104.82,1.4152,0.9819
29 Jul 2016,1.3163,1111.95,0.8945,0.7537,102.48,1.3873,0.9663
01 Aug 2016,1.3233,1107.295,0.8953,0.7572,102.37,1.3924,0.9669
02 Aug 2016,1.3146,1110.55,0.8913,0.7515,100.99,1.3837,0.9644
03 Aug 2016,1.3196,1116.445,0.8951,0.7506,101.27,1.397,0.9717
04 Aug 2016,1.3115,1114.745,0.8977,0.7617,101.09,1.3918,0.9731
05 Aug 2016,1.3148,1115.6,0.9033,0.7658,101.87,1.4033,0.9811
08 Aug 2016,1.3055,1108.79,0.903,0.767,102.52,1.4013,0.9835
09 Aug 2016,1.3021,1102.73,0.9001,0.7697,101.9,1.3947,0.9824
10 Aug 2016,1.2948,1096.215,0.8957,0.7684,101.26,1.3826,0.977
11 Aug 2016,1.2958,1098.895,0.8946,0.7712,101.34,1.3772,0.9713
12 Aug 2016,1.2997,1101.475,0.8946,0.7731,100.93,1.3827,0.9734
15 Aug 2016,1.3014,1097.27,0.8931,0.7767,101.03,1.387,0.972
16 Aug 2016,1.3024,1094.675,0.8882,0.7712,100.46,1.3789,0.9637
17 Aug 2016,1.3098,1114.15,0.8869,0.7687,100.26,1.3826,0.9625
18 Aug 2016,1.3028,1110.48,0.8828,0.7598,100.14,1.3742,0.9578
19 Aug 2016,1.3118,1118.255,0.8829,0.7659,100.16,1.3767,0.9595
22 Aug 2016,1.3098,1122.595,0.8827,0.7607,100.31,1.3725,0.9616
23 Aug 2016,1.3067,1116.075,0.8832,0.7584,100.15,1.365,0.9609
24 Aug 2016,1.3139,1121.155,0.889,0.7547,100.58,1.368,0.9677
25 Aug 2016,1.3141,1116.46,0.8865,0.7582,100.55,1.3697,0.9681
26 Aug 2016,1.306,1109.59,0.8866,0.7576,100.51,1.3617,0.9687
30 Aug 2016,1.3312,1118.715,0.8968,0.7636,102.79,1.385,0.9818
31 Aug 2016,1.3307,1117.835,0.8981,0.7634,103.5,1.3782,0.9829
01 Sep 2016,1.3252,1117.36,0.8935,0.7519,103.25,1.3725,0.9804
02 Sep 2016,1.3245,1115.98,0.8959,0.7514,104.16,1.3729,0.9803
05 Sep 2016,1.3187,1105.075,0.8975,0.7523,103.41,1.3687,0.9807
06 Sep 2016,1.3029,1096.935,0.8896,0.7446,102.24,1.3499,0.9721
07 Sep 2016,1.3029,1089.12,0.8895,0.7496,101.64,1.3419,0.9692
08 Sep 2016,1.3011,1093.175,0.8869,0.751,101.66,1.3452,0.9693
09 Sep 2016,1.3214,1106.955,0.892,0.7542,102.72,1.3607,0.9766
12 Sep 2016,1.3303,1113.555,0.8916,0.7517,101.94,1.3676,0.9744
13 Sep 2016,1.3344,1124.915,0.8896,0.7587,102.18,1.3742,0.9737
14 Sep 2016,1.3389,1125.635,0.8895,0.759,102.63,1.3723,0.9737
15 Sep 2016,1.3323,1124.475,0.8895,0.758,102.4,1.3704,0.9727
16 Sep 2016,1.3362,1127.14,0.896,0.7646,102.26,1.3763,0.9791
19 Sep 2016,1.3228,1119.955,0.8943,0.7656,101.78,1.3665,0.9798
20 Sep 2016,1.3238,1118.015,0.8956,0.7723,101.7,1.3672,0.9793
21 Sep 2016,1.3205,1113.075,0.8977,0.7717,100.66,1.3676,0.9768
22 Sep 2016,1.3077,1100.315,0.8897,0.7637,100.81,1.3667,0.9673
23 Sep 2016,1.311,1103.775,0.8913,0.7716,100.96,1.3812,0.971
26 Sep 2016,1.3089,1106.56,0.8874,0.7707,100.41,1.3761,0.9672
27 Sep 2016,1.306,1101.22,0.893,0.77,100.33,1.3714,0.972
28 Sep 2016,1.3067,1097.75,0.8935,0.7698,100.68,1.3805,0.973
29 Sep 2016,1.3045,1097.495,0.8905,0.7703,101.63,1.3738,0.9675
30 Sep 2016,1.3068,1101.915,0.8897,0.7698,101.26,1.3749,0.9689
03 Oct 2016,1.3051,1104.915,0.8915,0.7792,101.62,1.3772,0.9723
04 Oct 2016,1.3068,1110,0.8961,0.7841,102.87,1.3784,0.9809
05 Oct 2016,1.3156,1115.835,0.8928,0.7848,103.54,1.3972,0.977
06 Oct 2016,1.3212,1117.17,0.8953,0.7908,103.92,1.3996,0.9799
07 Oct 2016,1.3186,1114.155,0.8949,0.8022,103.11,1.3986,0.9796
10 Oct 2016,1.3125,1107.655,0.8963,0.808,103.58,1.4013,0.9834
11 Oct 2016,1.3249,1126.275,0.9044,0.8179,103.62,1.4168,0.9881
12 Oct 2016,1.3205,1126.295,0.9082,0.8208,104.06,1.4152,0.9904
13 Oct 2016,1.3245,1135.28,0.9066,0.8201,103.41,1.4142,0.988
14 Oct 2016,1.3111,1132.475,0.9088,0.82,104.34,1.4092,0.9887
17 Oct 2016,1.3125,1139.11,0.9099,0.8227,104.03,1.4035,0.9903
18 Oct 2016,1.3055,1125.83,0.9114,0.8129,103.93,1.3883,0.9914
19 Oct 2016,1.3006,1121.37,0.9117,0.8138,103.27,1.3841,0.9891
20 Oct 2016,1.3101,1131.52,0.9152,0.8167,104.01,1.3902,0.9917
21 Oct 2016,1.316,1137.775,0.9199,0.82,103.82,1.3972,0.9955
24 Oct 2016,1.3151,1135.895,0.9189,0.8193,104.27,1.4029,0.9931
25 Oct 2016,1.3101,1133.935,0.9209,0.8242,104.63,1.4002,0.9963
26 Oct 2016,1.3045,1135.52,0.9159,0.8171,104.45,1.3963,0.9931
27 Oct 2016,1.316,1147.535,0.9159,0.8211,105.03,1.4035,0.9932
28 Oct 2016,1.3193,1147.09,0.9152,0.8234,105.4,1.3998,0.9935
31 Oct 2016,1.3137,1145.82,0.9122,0.8187,105.07,1.3976,0.9889
01 Nov 2016,1.3055,1143.895,0.9056,0.8183,104.58,1.3937,0.979
02 Nov 2016,1.3043,1145.01,0.8994,0.812,103.23,1.3706,0.9701
03 Nov 2016,1.3017,1143.755,0.9012,0.8029,103.16,1.3657,0.9746
04 Nov 2016,1.304,1143.94,0.8992,0.7971,103.02,1.3678,0.9683
07 Nov 2016,1.3001,1143.37,0.9063,0.8069,104.56,1.3676,0.9773
08 Nov 2016,1.2958,1135.155,0.9053,0.806,104.77,1.3578,0.9747
09 Nov 2016,1.307,1155.46,0.9134,0.8036,104.55,1.3708,0.9816
10 Nov 2016,1.3207,1163.875,0.9192,0.8009,106.46,1.3914,0.9878
11 Nov 2016,1.3268,1169.955,0.9216,0.795,106.61,1.4029,0.9882
14 Nov 2016,1.3286,1172.875,0.9326,0.803,108.48,1.414,0.9986
15 Nov 2016,1.325,1168.835,0.9321,0.8075,108.98,1.4096,1.0009
16 Nov 2016,1.3389,1173.8,0.937,0.805,109.6,1.418,1.0049
17 Nov 2016,1.3382,1173.655,0.9369,0.8041,109.4,1.4144,1.004
18 Nov 2016,1.3609,1178.835,0.9457,0.8122,110.66,1.4253,1.0113
21 Nov 2016,1.3576,1176.38,0.9414,0.8017,110.94,1.4146,1.0092
22 Nov 2016,1.3556,1177.2,0.9447,0.805,111.31,1.4209,1.013
23 Nov 2016,1.3534,1183.975,0.9494,0.8065,112.98,1.4284,1.0177
24 Nov 2016,1.3497,1178.3,0.9468,0.8023,113.24,1.4278,1.0163
25 Nov 2016,1.3459,1176.935,0.943,0.803,113.03,1.4196,1.0133
28 Nov 2016,1.336,1173.055,0.9449,0.8057,112.27,1.415,1.015
29 Nov 2016,1.3396,1170.5,0.9418,0.7996,112.94,1.4057,1.0141
30 Nov 2016,1.3537,1174.295,0.9426,0.8002,113.95,1.4106,1.0188
01 Dec 2016,1.3506,1169.98,0.9422,0.7923,114.41,1.4134,1.0133
02 Dec 2016,1.3428,1169.195,0.938,0.79,113.82,1.4025,1.0118
05 Dec 2016,1.3385,1169.36,0.9324,0.787,114.4,1.4047,1.0113
06 Dec 2016,1.3412,1171.78,0.9318,0.7867,113.99,1.4053,1.0094
07 Dec 2016,1.3364,1162.915,0.9288,0.7931,113.52,1.3965,1.0067
08 Dec 2016,1.3443,1164.255,0.9422,0.7965,114.22,1.397,1.0166
09 Dec 2016,1.3419,1173.13,0.9491,0.7959,115.19,1.3976,1.0205
12 Dec 2016,1.3335,1165.97,0.9426,0.7893,115.43,1.3895,1.016
13 Dec 2016,1.3342,1166.65,0.9398,0.7884,115.31,1.387,1.0115
14 Dec 2016,1.3303,1165.155,0.939,0.7873,115.1,1.3824,1.0103
15 Dec 2016,1.3605,1186.21,0.9602,0.8059,118.58,1.4235,1.0309
16 Dec 2016,1.3738,1189.36,0.9606,0.8042,118.38,1.4413,1.0292
19 Dec 2016,1.3782,1188.755,0.9582,0.807,116.93,1.4403,1.0241
20 Dec 2016,1.3808,1194.155,0.9638,0.8095,118.08,1.4474,1.0294
21 Dec 2016,1.3791,1194.52,0.9585,0.808,117.73,1.4472,1.0264
22 Dec 2016,1.3839,1205.11,0.956,0.8131,117.5,1.4468,1.0247
23 Dec 2016,1.3875,1204.25,0.9567,0.8159,117.36,1.4489,1.0254
28 Dec 2016,1.3935,1213.01,0.9621,0.8179,117.65,1.4465,1.0303
29 Dec 2016,1.3866,1208.45,0.9535,0.8179,116.42,1.4391,1.0237
30 Dec 2016,1.3841,1201.75,0.947,0.8128,116.94,1.4362,1.0178
03 Jan 2017,1.3848,1209.16,0.9629,0.817,118.02,1.4489,1.0287
04 Jan 2017,1.3731,1198.96,0.9546,0.8133,117.19,1.438,1.0233
05 Jan 2017,1.3613,1183.4,0.9432,0.8048,115.5,1.4231,1.01
06 Jan 2017,1.3663,1197.175,0.9457,0.8118,116.49,1.4312,1.0139
09 Jan 2017,1.3613,1203.06,0.9474,0.8232,116.49,1.428,1.0167
10 Jan 2017,1.3545,1197.795,0.9438,0.8207,115.44,1.4282,1.0137
11 Jan 2017,1.3559,1201.58,0.9547,0.8284,116.58,1.4331,1.0231
12 Jan 2017,1.3335,1174.77,0.9387,0.8184,114.04,1.4039,1.0082
13 Jan 2017,1.3348,1178.9,0.9413,0.8207,115,1.4059,1.0099
16 Jan 2017,1.3374,1184.62,0.9428,0.8288,114.1,1.4088,1.0109
17 Jan 2017,1.3261,1165.295,0.9353,0.8074,113.02,1.3914,1.003
18 Jan 2017,1.3219,1170.2,0.9352,0.81,113.24,1.3889,1.0014
19 Jan 2017,1.3252,1179.04,0.9425,0.8127,115.31,1.3943,1.0109
20 Jan 2017,1.3249,1174.895,0.9364,0.8115,115.04,1.398,1.0054
23 Jan 2017,1.3191,1165.215,0.9303,0.8003,112.97,1.3843,0.9985
24 Jan 2017,1.3184,1164.09,0.9301,0.7992,113.31,1.3768,0.9992
25 Jan 2017,1.3236,1165.795,0.931,0.7933,113.66,1.3772,0.9992
26 Jan 2017,1.3275,1170.175,0.9371,0.7943,114.74,1.3827,1.0005
27 Jan 2017,1.3238,1175.06,0.9341,0.7966,115.07,1.3749,0.998
30 Jan 2017,1.3229,1172.59,0.9356,0.799,113.85,1.3732,0.9975
31 Jan 2017,1.3173,1152.05,0.9251,0.7943,112.58,1.3633,0.9862
01 Feb 2017,1.3224,1156.42,0.9295,0.7907,113.49,1.3793,0.9924
02 Feb 2017,1.3024,1140.62,0.9254,0.7981,112.39,1.3686,0.9893
03 Feb 2017,1.3009,1135.59,0.927,0.7997,112.4,1.3659,0.9914
06 Feb 2017,1.3091,1136.675,0.9312,0.8036,112.37,1.3712,0.9927
07 Feb 2017,1.3089,1145.44,0.9356,0.8046,112.24,1.3682,0.9977
08 Feb 2017,1.3077,1143.85,0.934,0.7979,111.76,1.3654,0.9934
09 Feb 2017,1.3113,1147.48,0.9377,0.7982,113,1.391,1.0008
10 Feb 2017,1.3036,1148.21,0.9412,0.8012,113.58,1.3893,1.0048
13 Feb 2017,1.3087,1152.215,0.943,0.7998,113.92,1.3955,1.0052
14 Feb 2017,1.3111,1142.1,0.9467,0.8024,114.42,1.4004,1.0078
15 Feb 2017,1.3019,1142.515,0.9458,0.8034,114.66,1.3931,1.0085
16 Feb 2017,1.3004,1139.78,0.9373,0.8,113.32,1.3847,0.9988
17 Feb 2017,1.3046,1151.94,0.9411,0.8044,112.83,1.391,1.0015
20 Feb 2017,1.3017,1146.52,0.9415,0.8017,113.12,1.3914,1.0023
21 Feb 2017,1.3041,1144.52,0.949,0.8021,113.65,1.3978,1.0095
22 Feb 2017,1.3012,1143.155,0.948,0.8027,113.35,1.3965,1.0115
23 Feb 2017,1.2947,1130.015,0.944,0.7969,112.59,1.3822,1.0059
24 Feb 2017,1.3017,1131.84,0.9463,0.8007,112.36,1.3887,1.0068
27 Feb 2017,1.3006,1132.115,0.9422,0.8019,112.08,1.3856,1.0056
28 Feb 2017,1.3004,1128.39,0.9412,0.8035,111.9,1.3827,1.0014
01 Mar 2017,1.307,1142.815,0.9474,0.8119,113.9,1.4037,1.0089
02 Mar 2017,1.3189,1148,0.9501,0.814,114.43,1.4128,1.0111
03 Mar 2017,1.3217,1156.6,0.9466,0.8156,114.48,1.4259,1.0106
06 Mar 2017,1.3177,1154.395,0.9435,0.816,113.77,1.4276,1.0114
07 Mar 2017,1.3161,1151.575,0.9452,0.8201,114,1.432,1.0136
08 Mar 2017,1.325,1154.88,0.9473,0.8218,114.69,1.4453,1.0147
09 Mar 2017,1.3335,1159.435,0.9451,0.823,114.87,1.4505,1.0146
10 Mar 2017,1.3261,1151.74,0.9384,0.8219,114.97,1.4432,1.0104
13 Mar 2017,1.3191,1145.49,0.9372,0.8174,114.62,1.4436,1.0069
14 Mar 2017,1.3201,1149.8,0.9394,0.8219,114.63,1.4426,1.0078
15 Mar 2017,1.317,1145.175,0.9406,0.8182,114.66,1.4376,1.008
16 Mar 2017,1.3033,1126.71,0.9314,0.8085,113.01,1.4327,0.9955
17 Mar 2017,1.3006,1129.69,0.9309,0.8083,112.67,1.4271,0.9978
20 Mar 2017,1.293,1113.24,0.93,0.8087,112.61,1.4186,0.9968
21 Mar 2017,1.296,1119.29,0.9252,0.8013,111.9,1.4162,0.9937
22 Mar 2017,1.3029,1119.07,0.9258,0.8015,111.05,1.4172,0.99
23 Mar 2017,1.3084,1118.99,0.927,0.7983,111.12,1.4201,0.9924
24 Mar 2017,1.3127,1117.735,0.9255,0.8006,111.05,1.4229,0.9913
27 Mar 2017,1.3134,1109.8,0.9187,0.7955,110.45,1.4198,0.9833
28 Mar 2017,1.3098,1112.635,0.9201,0.7977,110.26,1.4213,0.9836
29 Mar 2017,1.3057,1112.35,0.9302,0.8057,111.02,1.4241,0.9972
30 Mar 2017,1.3031,1115.255,0.9317,0.8007,111.32,1.4225,0.9963
31 Mar 2017,1.3111,1118.03,0.935,0.7996,111.42,1.4304,1.0008
03 Apr 2017,1.3158,1116.63,0.9387,0.8011,111,1.4288,1.0031
04 Apr 2017,1.3231,1125.31,0.9377,0.8033,110.53,1.4339,1.0018
05 Apr 2017,1.3189,1127.09,0.938,0.8015,111.17,1.437,1.0042
06 Apr 2017,1.324,1132.06,0.9383,0.8003,110.85,1.4333,1.004
07 Apr 2017,1.331,1133.315,0.9417,0.807,110.73,1.4368,1.0068
10 Apr 2017,1.3337,1141.96,0.9435,0.8048,111.15,1.4372,1.0081
11 Apr 2017,1.3369,1148.32,0.9409,0.8007,109.75,1.4397,1.0062
12 Apr 2017,1.3348,1138.775,0.9417,0.7994,109.51,1.4432,1.0051
13 Apr 2017,1.3186,1135.14,0.9413,0.7989,109.21,1.4276,1.005
18 Apr 2017,1.3261,1144.5,0.9347,0.7834,108.72,1.4251,0.999
19 Apr 2017,1.3319,1142.35,0.9334,0.7806,108.97,1.4265,0.9981
20 Apr 2017,1.327,1137.31,0.9289,0.7788,109.19,1.4245,0.9951
21 Apr 2017,1.3294,1136.39,0.9356,0.7827,109.11,1.4286,0.9987
24 Apr 2017,1.3215,1131.035,0.9207,0.7827,109.9,1.4239,0.9958
25 Apr 2017,1.3268,1129.51,0.9151,0.7795,110.89,1.4372,0.9933
26 Apr 2017,1.3385,1133.08,0.9195,0.7777,111.6,1.4529,0.9948
27 Apr 2017,1.3423,1134.74,0.9204,0.7755,111.21,1.4577,0.9948
28 Apr 2017,1.3369,1139.435,0.9183,0.7729,111.46,1.4565,0.9953
02 May 2017,1.3301,1130.6,0.917,0.774,112.14,1.4445,0.9935
03 May 2017,1.341,1132.29,0.9167,0.7754,112.35,1.4478,0.9913
04 May 2017,1.3515,1134.82,0.9137,0.7743,112.73,1.4596,0.9909
05 May 2017,1.3503,1137.04,0.9103,0.7717,112.64,1.4463,0.9882
08 May 2017,1.3539,1133.93,0.9148,0.7727,112.76,1.4455,0.9973
09 May 2017,1.358,1136.37,0.9182,0.7721,114.1,1.4463,1.0055
10 May 2017,1.3526,1134.015,0.9199,0.7723,114.03,1.4399,1.0084
11 May 2017,1.357,1129.99,0.9202,0.7766,113.73,1.4605,1.0072
12 May 2017,1.3523,1124.055,0.9156,0.7758,113.26,1.4596,1.0027
15 May 2017,1.3473,1116.555,0.9108,0.7741,113.62,1.4516,0.9966
16 May 2017,1.3455,1116.495,0.9023,0.7741,113.01,1.4512,0.9872
17 May 2017,1.3466,1118.87,0.8971,0.7709,111.28,1.4428,0.9789
18 May 2017,1.3464,1127.12,0.8986,0.7693,111.08,1.4463,0.9785
19 May 2017,1.3435,1118.13,0.8932,0.7677,111.54,1.4474,0.9744
22 May 2017,1.3358,1114.67,0.8891,0.7683,111.06,1.4308,0.9728
23 May 2017,1.3346,1124.73,0.8906,0.7704,111.1,1.4233,0.9715
24 May 2017,1.3401,1124.075,0.8941,0.7722,112.05,1.4263,0.9764
25 May 2017,1.3396,1119.65,0.8918,0.7724,111.87,1.4196,0.9722
26 May 2017,1.343,1119.45,0.894,0.7818,111.24,1.4188,0.9738
30 May 2017,1.341,1125.03,0.8946,0.7775,110.97,1.411,0.9752
31 May 2017,1.343,1120.63,0.8892,0.7745,110.55,1.4085,0.9676
01 Jun 2017,1.3541,1121.695,0.8908,0.775,111.24,1.4144,0.9693
02 Jun 2017,1.3443,1120.035,0.8868,0.7763,110.47,1.4013,0.9638
05 Jun 2017,1.3364,1119.015,0.8888,0.7734,110.46,1.4004,0.9648
06 Jun 2017,1.3301,1119.135,0.8875,0.7755,109.4,1.3885,0.9635
07 Jun 2017,1.3233,1122.615,0.8878,0.7717,109.33,1.3891,0.9637
08 Jun 2017,1.327,1122.855,0.8912,0.7724,110.12,1.3862,0.9672
09 Jun 2017,1.3282,1125.175,0.8941,0.7848,110.68,1.3891,0.9703
12 Jun 2017,1.3256,1132.7,0.8926,0.7891,109.82,1.3881,0.9692
13 Jun 2017,1.3263,1128.755,0.8923,0.7855,109.96,1.3843,0.9683
14 Jun 2017,1.312,1118.23,0.8865,0.7819,108.93,1.3671,0.9664
15 Jun 2017,1.3186,1131.955,0.8969,0.7836,110.62,1.3881,0.975
16 Jun 2017,1.3118,1133.67,0.8929,0.7812,110.68,1.3782,0.9731
19 Jun 2017,1.3156,1134.25,0.8955,0.7838,111.28,1.3805,0.974
20 Jun 2017,1.318,1142.01,0.8987,0.7925,111.67,1.381,0.9759
21 Jun 2017,1.3242,1142.73,0.8975,0.7896,111.57,1.3839,0.9749
22 Jun 2017,1.3264,1142.16,0.8963,0.7898,111.36,1.3765,0.9722
23 Jun 2017,1.3208,1136.115,0.8929,0.7851,111.27,1.3719,0.9687
26 Jun 2017,1.3175,1133.48,0.8926,0.7851,111.44,1.3686,0.9705
27 Jun 2017,1.3173,1138.75,0.886,0.7827,112.21,1.3738,0.9651
28 Jun 2017,1.3141,1142.395,0.88,0.7727,112.14,1.371,0.9602
29 Jun 2017,1.3023,1144.21,0.8753,0.7695,112.62,1.3699,0.9571
30 Jun 2017,1.3038,1144.75,0.8769,0.7698,112.38,1.3657,0.9578
03 Jul 2017,1.3077,1148.935,0.8797,0.773,113.3,1.3734,0.9631
04 Jul 2017,1.3142,1151.835,0.8809,0.7735,113.14,1.3706,0.9651
05 Jul 2017,1.3191,1154.81,0.8827,0.7737,113.28,1.3767,0.9661
06 Jul 2017,1.3193,1157.98,0.877,0.7724,113.155,1.378,0.9629
07 Jul 2017,1.3149,1154.28,0.8778,0.7764,113.98,1.3748,0.9643
10 Jul 2017,1.3168,1150.555,0.878,0.7775,114.2,1.3761,0.967
11 Jul 2017,1.3137,1150.48,0.8757,0.7786,114.47,1.3879,0.9685
12 Jul 2017,1.3029,1139.38,0.8757,0.7758,113.04,1.3765,0.9641
13 Jul 2017,1.2947,1138.56,0.877,0.7732,113.42,1.3672,0.9677
14 Jul 2017,1.2804,1129.74,0.8737,0.7642,112.61,1.3631,0.9652
17 Jul 2017,1.2789,1129.075,0.8718,0.7653,112.8,1.3646,0.963
18 Jul 2017,1.2617,1124.47,0.8635,0.7682,111.815,1.3587,0.9528
19 Jul 2017,1.2596,1123.91,0.8682,0.7667,111.7,1.3585,0.9543
20 Jul 2017,1.2561,1122.115,0.8595,0.7699,111.75,1.3537,0.9515
21 Jul 2017,1.2633,1117.775,0.858,0.7698,111.12,1.3448,0.9474
24 Jul 2017,1.2606,1115.19,0.8589,0.7665,111.1,1.3448,0.9461
25 Jul 2017,1.2591,1117.035,0.8576,0.7663,111.63,1.3472,0.9488
26 Jul 2017,1.2617,1118.91,0.8598,0.7659,112,1.3455,0.9589
27 Jul 2017,1.2542,1115.17,0.8573,0.7641,111.6,1.3337,0.9631
28 Jul 2017,1.2494,1121.895,0.8513,0.7623,110.94,1.3317,0.9687
31 Jul 2017,1.2528,1121.89,0.8482,0.7586,110.51,1.3339,0.9647
01 Aug 2017,1.2519,1120.77,0.8467,0.7559,110.15,1.3349,0.9654
02 Aug 2017,1.2547,1122.95,0.8434,0.7563,110.37,1.345,0.967
03 Aug 2017,1.2571,1127.695,0.8418,0.7608,110.05,1.3443,0.9681
04 Aug 2017,1.2637,1129.3,0.8511,0.767,110.9,1.3503,0.973
07 Aug 2017,1.2647,1128.23,0.8477,0.7679,110.83,1.3592,0.9727
08 Aug 2017,1.2665,1126.65,0.8519,0.7716,110.76,1.3652,0.9761
09 Aug 2017,1.2703,1138.55,0.8514,0.7696,109.97,1.3665,0.9658
10 Aug 2017,1.2676,1144.71,0.8511,0.7698,109.33,1.3744,0.9639
11 Aug 2017,1.27,1143.73,0.848,0.7706,109.14,1.3704,0.9628
14 Aug 2017,1.2713,1138.96,0.8487,0.77,109.47,1.3699,0.9703
15 Aug 2017,1.2788,1137.13,0.8532,0.778,110.56,1.3814,0.9729
16 Aug 2017,1.2686,1138.885,0.8545,0.7771,110.81,1.3768,0.9753
17 Aug 2017,1.2629,1139.335,0.8514,0.7757,109.89,1.3699,0.9636
18 Aug 2017,1.2639,1141.805,0.8511,0.7778,108.79,1.3659,0.9617
21 Aug 2017,1.2596,1138.515,0.8464,0.775,108.77,1.3639,0.9609
22 Aug 2017,1.262,1133.655,0.8501,0.7791,109.45,1.3704,0.9681
23 Aug 2017,1.2663,1129.62,0.8463,0.7815,109.02,1.3858,0.9647
24 Aug 2017,1.265,1128.69,0.8471,0.7814,109.34,1.3852,0.9644
25 Aug 2017,1.2594,1122.35,0.8424,0.7766,109.26,1.3803,0.9587
29 Aug 2017,1.2527,1122.86,0.8316,0.7721,108.74,1.3732,0.9471
30 Aug 2017,1.2653,1123.39,0.8395,0.774,110.26,1.3875,0.9597
31 Aug 2017,1.2609,1123.3,0.841,0.776,110.1,1.3966,0.9609
01 Sep 2017,1.2539,1121.12,0.842,0.7708,110.2,1.3947,0.9628
04 Sep 2017,1.2571,1130.065,0.8395,0.7718,109.53,1.3931,0.9563
05 Sep 2017,1.2467,1129.56,0.8391,0.7676,108.87,1.3782,0.9563
06 Sep 2017,1.2513,1133.73,0.8375,0.7651,108.81,1.385,0.9531
07 Sep 2017,1.2442,1128.33,0.8327,0.7627,108.42,1.3835,0.9523
08 Sep 2017,1.2404,1132.71,0.8321,0.7585,107.92,1.3772,0.948
11 Sep 2017,1.2455,1130.96,0.8345,0.7586,108.89,1.3782,0.9521
12 Sep 2017,1.2446,1127.26,0.8365,0.754,109.92,1.3702,0.9596
13 Sep 2017,1.2506,1129.19,0.8391,0.7559,110.6,1.3768,0.9635
14 Sep 2017,1.2534,1133.565,0.8422,0.7491,110.71,1.3873,0.9669
15 Sep 2017,1.2492,1131.61,0.8359,0.7355,111.05,1.3734,0.9601
18 Sep 2017,1.2544,1127.95,0.8364,0.7376,111.57,1.3767,0.9602
19 Sep 2017,1.2497,1129.62,0.8349,0.7395,111.48,1.3667,0.9629
20 Sep 2017,1.2393,1126.8,0.8337,0.7371,111.43,1.3532,0.9619
21 Sep 2017,1.2602,1133.08,0.8387,0.7384,112.45,1.3671,0.9733
22 Sep 2017,1.2533,1131.44,0.8356,0.7393,111.94,1.3631,0.9688
25 Sep 2017,1.259,1133.88,0.8428,0.7416,111.83,1.3759,0.9696
26 Sep 2017,1.2702,1137.73,0.8498,0.7453,112.28,1.3928,0.9705
27 Sep 2017,1.2718,1143.4,0.8524,0.747,112.6,1.3868,0.9747
28 Sep 2017,1.2762,1145.68,0.8485,0.7438,112.74,1.386,0.9714
29 Sep 2017,1.2744,1142.99,0.846,0.7454,112.56,1.3829,0.9676
02 Oct 2017,1.278,1145.47,0.8522,0.7532,112.72,1.3877,0.9737
03 Oct 2017,1.278,1141.92,0.8508,0.755,112.77,1.398,0.974
04 Oct 2017,1.2731,1140.725,0.8503,0.7532,112.73,1.3963,0.9744
05 Oct 2017,1.2814,1139.32,0.8536,0.7611,112.64,1.4023,0.9781
06 Oct 2017,1.2882,1143.15,0.8522,0.7658,112.79,1.4104,0.978
09 Oct 2017,1.288,1143.96,0.8519,0.7615,112.68,1.4144,0.9795
10 Oct 2017,1.2832,1132.61,0.8462,0.7565,112.02,1.412,0.9745
11 Oct 2017,1.286,1132.735,0.8442,0.7582,112.27,1.4146,0.9724
12 Oct 2017,1.2781,1131.29,0.8442,0.7596,112.3,1.4047,0.9762
13 Oct 2017,1.2677,1126.12,0.8449,0.7516,111.93,1.3899,0.9744
16 Oct 2017,1.2718,1128.01,0.8477,0.7529,111.74,1.3926,0.9752
17 Oct 2017,1.2768,1130.89,0.851,0.7594,112.34,1.3966,0.9801
18 Oct 2017,1.276,1131.77,0.8491,0.7592,112.97,1.4006,0.9817
19 Oct 2017,1.2686,1130.33,0.8437,0.7574,112.52,1.4233,0.9746
20 Oct 2017,1.2791,1131.15,0.8484,0.7582,113.43,1.4364,0.9835
23 Oct 2017,1.2809,1129.96,0.8514,0.7584,113.69,1.4362,0.9857
24 Oct 2017,1.2862,1129.185,0.8502,0.7623,113.95,1.4505,0.9897
25 Oct 2017,1.2984,1125.22,0.8467,0.7545,113.67,1.4554,0.99
26 Oct 2017,1.3029,1124.04,0.8545,0.7592,113.95,1.4609,0.9967
27 Oct 2017,1.3067,1125.88,0.8635,0.7627,113.86,1.4571,0.9991
30 Oct 2017,1.3024,1124.33,0.8601,0.7579,113.25,1.4556,0.997
31 Oct 2017,1.3041,1117.08,0.8584,0.753,113.63,1.4599,0.9968
01 Nov 2017,1.3029,1111.09,0.8608,0.7543,114.05,1.4501,1.0015
02 Nov 2017,1.295,1112.58,0.8567,0.7652,113.87,1.4449,0.9979
03 Nov 2017,1.3072,1115.65,0.8608,0.7653,114.26,1.4474,1.0003
06 Nov 2017,1.3051,1111.63,0.8631,0.7621,114.13,1.4499,1.0006
07 Nov 2017,1.3091,1113.17,0.8639,0.761,114.03,1.4499,0.9991
08 Nov 2017,1.3038,1113.22,0.8631,0.7634,113.64,1.4447,1
09 Nov 2017,1.3055,1117.19,0.8603,0.7623,113.69,1.4405,0.9981
10 Nov 2017,1.3031,1119.345,0.8576,0.7564,113.32,1.4395,0.9949
13 Nov 2017,1.3092,1119.41,0.8573,0.7627,113.51,1.4489,0.9954
14 Nov 2017,1.3123,1114.895,0.8506,0.7623,113.46,1.4541,0.9918
15 Nov 2017,1.3187,1105.335,0.8474,0.7597,113.08,1.4539,0.9898
16 Nov 2017,1.3168,1096.645,0.8494,0.7578,112.8,1.4586,0.9934
17 Nov 2017,1.3243,1094.795,0.8488,0.7572,112.24,1.4712,0.991
20 Nov 2017,1.3236,1096.42,0.8512,0.754,112.41,1.4671,0.9911
21 Nov 2017,1.3191,1089.41,0.8528,0.7559,112.47,1.4641,0.9924
22 Nov 2017,1.318,1087.17,0.8484,0.7528,111.63,1.4592,0.9834
23 Nov 2017,1.3116,1083.84,0.8444,0.752,111.24,1.4505,0.9818
24 Nov 2017,1.312,1083.76,0.8379,0.749,111.51,1.4522,0.9789
27 Nov 2017,1.3122,1087.41,0.839,0.7496,111.04,1.4447,0.9811
28 Nov 2017,1.316,1081.78,0.8424,0.7557,111.31,1.4449,0.9841
29 Nov 2017,1.3201,1080.54,0.844,0.7456,111.92,1.4512,0.9843
30 Nov 2017,1.3168,1086.26,0.8387,0.7391,111.91,1.4573,0.982
01 Dec 2017,1.3167,1084.18,0.8428,0.7413,112.8,1.4573,0.9841
04 Dec 2017,1.3165,1086.7,0.8439,0.7419,112.73,1.4599,0.9848
05 Dec 2017,1.3139,1086.995,0.8451,0.7431,112.78,1.4529,0.9873
06 Dec 2017,1.3203,1094.25,0.8483,0.7473,112.26,1.4524,0.9898
07 Dec 2017,1.3287,1092.095,0.8482,0.7453,112.74,1.4616,0.993
08 Dec 2017,1.3312,1093.045,0.8509,0.7476,113.52,1.4603,0.9942
11 Dec 2017,1.3257,1086.64,0.8477,0.7484,113.37,1.4451,0.9906
12 Dec 2017,1.3242,1091.18,0.8525,0.7506,113.68,1.443,0.9926
13 Dec 2017,1.3135,1089.06,0.8505,0.7483,113.05,1.4294,0.9891
14 Dec 2017,1.3041,1089.04,0.8491,0.7449,112.62,1.4314,0.9897
15 Dec 2017,1.3074,1087.12,0.8501,0.7509,112.65,1.4271,0.9918
18 Dec 2017,1.3031,1084.79,0.8466,0.7464,112.37,1.4269,0.9855
19 Dec 2017,1.3072,1085.57,0.8467,0.7491,112.99,1.4318,0.9873
20 Dec 2017,1.3043,1078.95,0.8415,0.7459,113.3,1.4345,0.9848
21 Dec 2017,1.2994,1078.93,0.8431,0.7488,113.47,1.4251,0.9891
22 Dec 2017,1.2955,1078.79,0.8437,0.747,113.37,1.4257,0.9894
27 Dec 2017,1.2877,1073.87,0.8408,0.7463,113.3,1.4154,0.9881
28 Dec 2017,1.2834,1069.695,0.8377,0.7443,112.88,1.4106,0.979
29 Dec 2017,1.2788,1066.48,0.8342,0.7402,112.49,1.4041,0.9755
02 Jan 2018,1.2768,1062.605,0.8302,0.7364,112.15,1.4063,0.9723
03 Jan 2018,1.2765,1065.74,0.8317,0.74,112.4,1.409,0.9769
04 Jan 2018,1.2721,1063.445,0.8282,0.7379,112.78,1.3988,0.9748
05 Jan 2018,1.2726,1062.33,0.8308,0.7373,113.24,1.3951,0.9753
08 Jan 2018,1.276,1068.445,0.8349,0.7363,112.98,1.3933,0.9764
09 Jan 2018,1.2788,1070.565,0.8382,0.7394,112.44,1.3943,0.9828
10 Jan 2018,1.2742,1067.65,0.8345,0.7389,111.35,1.3889,0.9773
11 Jan 2018,1.2697,1063.815,0.8299,0.7388,111.4,1.3818,0.9747
12 Jan 2018,1.2671,1062.13,0.8232,0.7305,111.31,1.3806,0.9715
15 Jan 2018,1.2542,1063.245,0.8157,0.7245,110.51,1.3682,0.9634
16 Jan 2018,1.2566,1064.08,0.8177,0.726,110.69,1.3748,0.9621
17 Jan 2018,1.2536,1067.71,0.8169,0.7229,110.72,1.3748,0.9609
18 Jan 2018,1.252,1069.31,0.8171,0.7204,110.95,1.3686,0.9594
19 Jan 2018,1.2497,1067.84,0.8182,0.7223,110.63,1.3736,0.9615
22 Jan 2018,1.2466,1069.705,0.8161,0.7159,110.79,1.3648,0.9605
23 Jan 2018,1.2503,1073.86,0.8134,0.7133,110.35,1.3587,0.9575
24 Jan 2018,1.2393,1064.925,0.8077,0.7031,109.2,1.3475,0.9458
25 Jan 2018,1.2353,1059.64,0.7997,0.6992,108.7,1.3556,0.9317
26 Jan 2018,1.2356,1064.56,0.8044,0.7052,108.61,1.3626,0.935
29 Jan 2018,1.2356,1071.965,0.8093,0.7111,109.02,1.3674,0.9364
30 Jan 2018,1.2366,1072.48,0.8057,0.7086,108.83,1.3622,0.935
31 Jan 2018,1.235,1067.63,0.8028,0.7032,109.18,1.351,0.9294
01 Feb 2018,1.246,1071.37,0.8019,0.7024,109.38,1.3528,0.9282
02 Feb 2018,1.2593,1087.1,0.8041,0.708,110.4,1.3663,0.9321
05 Feb 2018,1.2596,1085.88,0.8052,0.7135,110.11,1.3701,0.9369
06 Feb 2018,1.2695,1084.36,0.81,0.719,109.3,1.3712,0.9385
07 Feb 2018,1.2736,1082.98,0.8135,0.7203,109.26,1.3732,0.9447
08 Feb 2018,1.2825,1092.24,0.8156,0.7141,109.25,1.3862,0.9393
09 Feb 2018,1.2817,1086.095,0.8163,0.7243,108.68,1.3793,0.9402
12 Feb 2018,1.2778,1084.285,0.8144,0.7242,108.55,1.382,0.939
13 Feb 2018,1.2723,1083.84,0.8091,0.7204,107.47,1.3719,0.9335
14 Feb 2018,1.269,1076.875,0.8063,0.7163,106.85,1.3624,0.931
15 Feb 2018,1.2665,1067.53,0.8014,0.7114,106.27,1.3561,0.9238
16 Feb 2018,1.2618,1065.28,0.8033,0.7123,106.04,1.3512,0.925
19 Feb 2018,1.2645,1067.02,0.8066,0.7146,106.51,1.3574,0.9293
20 Feb 2018,1.2658,1073.44,0.8102,0.714,107.12,1.3594,0.9346
21 Feb 2018,1.2747,1072.335,0.8117,0.7154,107.62,1.3622,0.9371
22 Feb 2018,1.274,1078,0.8117,0.7175,106.88,1.3605,0.9344
23 Feb 2018,1.2786,1076.9,0.8133,0.7158,106.63,1.3716,0.936
26 Feb 2018,1.2753,1071.09,0.8137,0.7173,106.94,1.368,0.9382
27 Feb 2018,1.2804,1077.63,0.8169,0.7204,107.57,1.3803,0.9403
28 Feb 2018,1.2835,1081.685,0.8199,0.7257,106.73,1.3847,0.945
01 Mar 2018,1.2909,1083.69,0.8211,0.7286,107.065,1.381,0.9482
02 Mar 2018,1.2913,1084.68,0.8123,0.7263,105.48,1.3822,0.938
05 Mar 2018,1.2905,1079.035,0.8112,0.7221,105.83,1.382,0.9388
06 Mar 2018,1.2798,1063.2,0.8066,0.7203,106.03,1.3706,0.9392
07 Mar 2018,1.2804,1067.735,0.8062,0.7196,106,1.3755,0.9419
08 Mar 2018,1.2852,1074.79,0.8112,0.7231,106.09,1.3787,0.949
09 Mar 2018,1.276,1065.84,0.8118,0.7211,106.97,1.3719,0.9503
12 Mar 2018,1.2718,1064.68,0.8118,0.7195,106.53,1.3714,0.9489
13 Mar 2018,1.2689,1062.32,0.8066,0.7149,106.63,1.3617,0.9437
14 Mar 2018,1.27,1064.25,0.809,0.7171,106.17,1.3648,0.9465
15 Mar 2018,1.2798,1066.82,0.8117,0.717,106.06,1.3723,0.9504
16 Mar 2018,1.2932,1069.735,0.8143,0.7185,106.09,1.3858,0.9533
19 Mar 2018,1.2982,1072.825,0.8111,0.7128,105.84,1.3839,0.9511
20 Mar 2018,1.3004,1071.12,0.8149,0.7137,106.42,1.39,0.955
21 Mar 2018,1.2975,1071.545,0.8152,0.7111,106.32,1.393,0.9542
22 Mar 2018,1.2995,1080.515,0.8122,0.7093,105.34,1.3852,0.9492
23 Mar 2018,1.2952,1082.43,0.8091,0.7067,104.84,1.3787,0.9466
26 Mar 2018,1.2962,1077.55,0.8037,0.7031,105.05,1.3721,0.9442
27 Mar 2018,1.2972,1072.75,0.8069,0.707,105.78,1.3753,0.9482
28 Mar 2018,1.304,1064.595,0.8097,0.7093,106.2,1.3847,0.9534
29 Mar 2018,1.3034,1063.59,0.8131,0.7126,106.35,1.386,0.9576
03 Apr 2018,1.3033,1055.195,0.8147,0.7124,106.55,1.3776,0.9588
04 Apr 2018,1.2985,1061.6,0.8131,0.71,106.56,1.3708,0.9597
05 Apr 2018,1.3011,1063.08,0.8177,0.7143,107.46,1.3751,0.9633
06 Apr 2018,1.3016,1069.8,0.8155,0.7101,107.13,1.3765,0.9608
09 Apr 2018,1.3002,1068.5,0.8121,0.7078,107.05,1.3686,0.9578
10 Apr 2018,1.2898,1065.14,0.8097,0.7056,107.17,1.3576,0.9561
11 Apr 2018,1.2868,1066.65,0.8075,0.7039,106.71,1.3554,0.957
12 Apr 2018,1.2888,1070.525,0.8118,0.7026,107.27,1.3556,0.9623
13 Apr 2018,1.2863,1070.895,0.8111,0.7019,107.53,1.3583,0.9623
16 Apr 2018,1.2858,1072.55,0.8084,0.6979,107.255,1.3576,0.9596
17 Apr 2018,1.2868,1067.68,0.81,0.6988,107.15,1.3631,0.9657
18 Apr 2018,1.2834,1064.72,0.808,0.7025,107.23,1.3626,0.9671
19 Apr 2018,1.2865,1064.15,0.8088,0.7032,107.37,1.3704,0.9701
20 Apr 2018,1.3029,1072.98,0.8144,0.713,107.7,1.3847,0.9741
23 Apr 2018,1.3127,1079.215,0.8183,0.7168,108.45,1.3974,0.9773
24 Apr 2018,1.317,1077.25,0.8187,0.7161,109.18,1.4049,0.981
25 Apr 2018,1.3224,1084.08,0.8215,0.7176,109.31,1.4156,0.984
26 Apr 2018,1.3236,1078.77,0.8254,0.7176,109.37,1.4148,0.9877
27 Apr 2018,1.3214,1068.75,0.8263,0.7249,109.08,1.4156,0.9883
30 Apr 2018,1.3249,1069.63,0.8277,0.7259,109.44,1.4194,0.9899
01 May 2018,1.3367,1073.295,0.8338,0.7355,109.75,1.429,0.9958
02 May 2018,1.3342,1078.385,0.8364,0.7353,109.98,1.4284,0.9984
03 May 2018,1.3323,1079.93,0.8365,0.7382,109.06,1.4239,0.9995
04 May 2018,1.3293,1076.51,0.8383,0.7398,109.12,1.4253,1.0014
08 May 2018,1.3426,1080.21,0.8436,0.7398,109.23,1.4366,1.0018
09 May 2018,1.3403,1080.105,0.8435,0.7365,109.69,1.4312,1.0041
10 May 2018,1.3339,1068.61,0.8418,0.7426,109.61,1.4415,1.0042
11 May 2018,1.3254,1068.08,0.8372,0.7378,109.39,1.436,0.9998
14 May 2018,1.324,1069.71,0.8356,0.7357,109.57,1.442,0.9981
15 May 2018,1.3378,1076.755,0.8431,0.741,110.3,1.455,1.0018
16 May 2018,1.3326,1078.775,0.8484,0.7417,110.32,1.4501,1.0007
17 May 2018,1.3301,1082.575,0.8482,0.7405,110.82,1.4533,1.0019
18 May 2018,1.3301,1081.67,0.8497,0.7421,110.69,1.4459,0.9986
21 May 2018,1.323,1080.64,0.8511,0.7457,111.225,1.4446,0.9981
22 May 2018,1.3182,1075.97,0.8493,0.7451,111.02,1.4424,0.9929
23 May 2018,1.3245,1080.97,0.8544,0.7496,109.95,1.4478,0.994
24 May 2018,1.3219,1084.12,0.853,0.7477,109.035,1.4457,0.991
25 May 2018,1.324,1078.665,0.8579,0.751,109.27,1.4449,0.9914
29 May 2018,1.3305,1082.295,0.8649,0.7536,108.85,1.4457,0.9949
30 May 2018,1.3236,1080.63,0.8613,0.7533,108.91,1.4327,0.9898
31 May 2018,1.3215,1079.08,0.8566,0.7514,108.65,1.4251,0.9834
